0,"0210843;""El mismo amor, la misma lluvia (1999)"";http://www.imdb.com/title/tt0210843/plotsummary"
1,"0133093;""The Matrix (1999)"";http://www.imdb.com/title/tt0133093/plotsummary"
2,"0031381;""Gone with the Wind (1939)"";http://www.imdb.com/title/tt0031381/plotsummary"
3,"0024216;""King Kong (1933)"";http://www.imdb.com/title/tt0024216/plotsummary"
4,"0088763;""Back to the Future (1985)"";http://www.imdb.com/title/tt0088763/plotsummary"
5,"0253828;""Tosun Pasa (1976)"";http://www.imdb.com/title/tt0253828/plotsummary"
6,"2582802;""Whiplash (2014)"";http://www.imdb.com/title/tt2582802/plotsummary"
7,"0109830;""Forrest Gump (1994)"";http://www.imdb.com/title/tt0109830/plotsummary"
8,"0043041;""Three Came Home (1950)"";http://www.imdb.com/title/tt0043041/plotsummary"
9,"0059114;""Blood for a Silver Dollar (1965)"";http://www.imdb.com/title/tt0059114/plotsummary"
10,"1843866;""Captain America: The Winter Soldier (2014)"";http://www.imdb.com/title/tt1843866/plotsummary"
11,"0105665;""Twin Peaks: Fire Walk with Me (1992)"";http://www.imdb.com/title/tt0105665/plotsummary"
12,"0038916;""The Secret Heart (1946)"";http://www.imdb.com/title/tt0038916/plotsummary"
13,"0162480;""Mr. & Mrs. Khiladi (1997)"";http://www.imdb.com/title/tt0162480/plotsummary"
14,"1201607;""Harry Potter and the Deathly Hallows: Part 2 (2011)"";http://www.imdb.com/title/tt1201607/plotsummary"
15,"0405094;""The Lives of Others (2006)"";http://www.imdb.com/title/tt0405094/plotsummary"
16,"0026029;""The 39 Steps (1935)"";http://www.imdb.com/title/tt0026029/plotsummary"
17,"0046911;""Diabolique (1955)"";http://www.imdb.com/title/tt0046911/plotsummary"
18,"2262726;""&quot;The Tonight Show with Jay Leno&quot; Episode #20.184 (TV Episode 2012)"";http://www.imdb.com/title/tt2262726/plotsummary"
19,"0876563;""Ponyo (2008)"";http://www.imdb.com/title/tt0876563/plotsummary"
20,"0039110;""Without Reservations (1946)"";http://www.imdb.com/title/tt0039110/plotsummary"
21,"0084208;""King Lear (TV Movie 1982)"";http://www.imdb.com/title/tt0084208/plotsummary"
22,"0335266;""Lost in Translation (2003)"";http://www.imdb.com/title/tt0335266/plotsummary"
23,"0032558;""Green Hell (1940)"";http://www.imdb.com/title/tt0032558/plotsummary"
24,"0021079;""Little Caesar (1931)"";http://www.imdb.com/title/tt0021079/plotsummary"
25,"1027878;""&quot;20 to 1&quot; 50 to 01: Great Movie One Liners (TV Episode 2007)"";http://www.imdb.com/title/tt1027878/plotsummary"
26,"0766129;""&quot;Futurama&quot; A Bicyclops Built for Two (TV Episode 2000)"";http://www.imdb.com/title/tt0766129/plotsummary"
27,"1662472;""&quot;Who Wants to Be a Millionaire&quot; Episode #8.160 (TV Episode 2010)"";http://www.imdb.com/title/tt1662472/plotsummary"
28,"0268978;""A Beautiful Mind (2001)"";http://www.imdb.com/title/tt0268978/plotsummary"
29,"1049413;""Up (2009)"";http://www.imdb.com/title/tt1049413/plotsummary"
30,"2273361;""Leave Me Like You Found Me (2012)"";http://www.imdb.com/title/tt2273361/plotsummary"
31,"2352148;""&quot;The Real Housewives of New York City&quot; Slutty Island (TV Episode 2012)"";http://www.imdb.com/title/tt2352148/plotsummary"
32,"0396743;""Muhammad: Legacy of a Prophet (2002)"";http://www.imdb.com/title/tt0396743/plotsummary"
33,"0093058;""Full Metal Jacket (1987)"";http://www.imdb.com/title/tt0093058/plotsummary"
34,"0100935;""Wild at Heart (1990)"";http://www.imdb.com/title/tt0100935/plotsummary"
35,"0028691;""Captains Courageous (1937)"";http://www.imdb.com/title/tt0028691/plotsummary"
36,"3863552;""Bajrangi Bhaijaan (2015)"";http://www.imdb.com/title/tt3863552/plotsummary"
37,"0024264;""Little Women (1933)"";http://www.imdb.com/title/tt0024264/plotsummary"
38,"0808417;""Persepolis (2007)"";http://www.imdb.com/title/tt0808417/plotsummary"
39,"0049829;""Tea and Sympathy (1956)"";http://www.imdb.com/title/tt0049829/plotsummary"
40,"0120723;""Kissing a Fool (1998)"";http://www.imdb.com/title/tt0120723/plotsummary"
41,"0113083;""The Flower of My Secret (1995)"";http://www.imdb.com/title/tt0113083/plotsummary"
42,"4966952;""&quot;Fried&quot; Carlos from Spain (TV Episode 2015)"";http://www.imdb.com/title/tt4966952/plotsummary"
43,"2096673;""Inside Out (2015)"";http://www.imdb.com/title/tt2096673/plotsummary"
44,"3397884;""Sicario (2015)"";http://www.imdb.com/title/tt3397884/plotsummary"
45,"0049470;""The Man Who Knew Too Much (1956)"";http://www.imdb.com/title/tt0049470/plotsummary"
46,"0032638;""Irene (1940)"";http://www.imdb.com/title/tt0032638/plotsummary"
47,"0317676;""House of the Dead (2003)"";http://www.imdb.com/title/tt0317676/plotsummary"
48,"0118583;""Alien: Resurrection (1997)"";http://www.imdb.com/title/tt0118583/plotsummary"
49,"0069599;""Kojak (TV Series 1973–1978)"";http://www.imdb.com/title/tt0069599/plotsummary"
50,"0037884;""The Lost Weekend (1945)"";http://www.imdb.com/title/tt0037884/plotsummary"
51,"0353969;""Memories of Murder (2003)"";http://www.imdb.com/title/tt0353969/plotsummary"
52,"1054487;""Futurama: Into the Wild Green Yonder (Video 2009)"";http://www.imdb.com/title/tt1054487/plotsummary"
53,"4066098;""&quot;The Tonight Show Starring Jimmy Fallon&quot; Tyler Perry/Miles Teller/Lucinda Williams (TV Episode 2014)"";http://www.imdb.com/title/tt4066098/plotsummary"
54,"0075314;""Taxi Driver (1976)"";http://www.imdb.com/title/tt0075314/plotsummary"
55,"0086551;""Confidentially Yours (1983)"";http://www.imdb.com/title/tt0086551/plotsummary"
56,"2402927;""Carol (2015)"";http://www.imdb.com/title/tt2402927/plotsummary"
57,"0042876;""Rashomon (1950)"";http://www.imdb.com/title/tt0042876/plotsummary"
58,"1063111;""Small Town Saturday Night (2010)"";http://www.imdb.com/title/tt1063111/plotsummary"
59,"0094761;""The Blob (1988)"";http://www.imdb.com/title/tt0094761/plotsummary"
60,"0057358;""Winter Light (1963)"";http://www.imdb.com/title/tt0057358/plotsummary"
61,"0029395;""Personal Property (1937)"";http://www.imdb.com/title/tt0029395/plotsummary"
62,"0097574;""Up to Date (1989)"";http://www.imdb.com/title/tt0097574/plotsummary"
63,"0114738;""Truman (TV Movie 1995)"";http://www.imdb.com/title/tt0114738/plotsummary"
64,"1345836;""The Dark Knight Rises (2012)"";http://www.imdb.com/title/tt1345836/plotsummary"
65,"0329330;""Common Ground (2002)"";http://www.imdb.com/title/tt0329330/plotsummary"
66,"0022153;""The Miracle Woman (1931)"";http://www.imdb.com/title/tt0022153/plotsummary"
67,"0090605;""Aliens (1986)"";http://www.imdb.com/title/tt0090605/plotsummary"
68,"0086759;""Miami Vice (TV Series 1984–1990)"";http://www.imdb.com/title/tt0086759/plotsummary"
69,"0018037;""The Jazz Singer (1927)"";http://www.imdb.com/title/tt0018037/plotsummary"
70,"0302691;""King Lear (1999)"";http://www.imdb.com/title/tt0302691/plotsummary"
71,"2013293;""The Wind Rises (2013)"";http://www.imdb.com/title/tt2013293/plotsummary"
72,"0264464;""Catch Me If You Can (2002)"";http://www.imdb.com/title/tt0264464/plotsummary"
73,"0050212;""The Bridge on the River Kwai (1957)"";http://www.imdb.com/title/tt0050212/plotsummary"
74,"0442655;""The Big Fat Quiz of the Year (TV Movie 2004)"";http://www.imdb.com/title/tt0442655/plotsummary"
75,"0253474;""The Pianist (2002)"";http://www.imdb.com/title/tt0253474/plotsummary"
76,"0266543;""Finding Nemo (2003)"";http://www.imdb.com/title/tt0266543/plotsummary"
77,"0056663;""Vivre Sa Vie (1962)"";http://www.imdb.com/title/tt0056663/plotsummary"
78,"0107315;""Kika (1993)"";http://www.imdb.com/title/tt0107315/plotsummary"
79,"1539948;""&quot;Who Wants to Be a Millionaire&quot; Episode #8.37 (TV Episode 2009)"";http://www.imdb.com/title/tt1539948/plotsummary"
80,"0382932;""Ratatouille (2007)"";http://www.imdb.com/title/tt0382932/plotsummary"
81,"0320042;""Kamchatka (2002)"";http://www.imdb.com/title/tt0320042/plotsummary"
82,"0110917;""A Pure Formality (1994)"";http://www.imdb.com/title/tt0110917/plotsummary"
83,"1853614;""A Letter to Momo (2011)"";http://www.imdb.com/title/tt1853614/plotsummary"
84,"0032553;""The Great Dictator (1940)"";http://www.imdb.com/title/tt0032553/plotsummary"
85,"0031679;""Mr. Smith Goes to Washington (1939)"";http://www.imdb.com/title/tt0031679/plotsummary"
86,"3141396;""&quot;Chelsea Lately&quot; Episode #7.134 (TV Episode 2013)"";http://www.imdb.com/title/tt3141396/plotsummary"
87,"0033110;""Strike Up the Band (1940)"";http://www.imdb.com/title/tt0033110/plotsummary"
88,"0052561;""Anatomy of a Murder (1959)"";http://www.imdb.com/title/tt0052561/plotsummary"
89,"0048424;""The Night of the Hunter (1955)"";http://www.imdb.com/title/tt0048424/plotsummary"
90,"0706388;""&quot;Spaced&quot; Dissolution (TV Episode 2001)"";http://www.imdb.com/title/tt0706388/plotsummary"
91,"0234853;""The Tao of Steve (2000)"";http://www.imdb.com/title/tt0234853/plotsummary"
92,"0058265;""Kiss Me, Stupid (1964)"";http://www.imdb.com/title/tt0058265/plotsummary"
93,"0067458;""Murphy's War (1971)"";http://www.imdb.com/title/tt0067458/plotsummary"
94,"0434409;""V for Vendetta (2005)"";http://www.imdb.com/title/tt0434409/plotsummary"
95,"2768348;""&quot;Cyndi Lauper: Still So Unusual&quot; Ms. Lauper Goes to Washington (TV Episode 2013)"";http://www.imdb.com/title/tt2768348/plotsummary"
96,"0443604;""Paradise, Texas (2005)"";http://www.imdb.com/title/tt0443604/plotsummary"
97,"0056193;""Lolita (1962)"";http://www.imdb.com/title/tt0056193/plotsummary"
98,"0068646;""The Godfather (1972)"";http://www.imdb.com/title/tt0068646/plotsummary"
99,"0055031;""Judgment at Nuremberg (1961)"";http://www.imdb.com/title/tt0055031/plotsummary"
100,"0236216;""The Filth and the Fury (2000)"";http://www.imdb.com/title/tt0236216/plotsummary"
101,"1130884;""Shutter Island (2010)"";http://www.imdb.com/title/tt1130884/plotsummary"
102,"0169547;""American Beauty (1999)"";http://www.imdb.com/title/tt0169547/plotsummary"
103,"0057357;""El Naser Salah el Dine (1963)"";http://www.imdb.com/title/tt0057357/plotsummary"
104,"0103760;""Baduk (1992)"";http://www.imdb.com/title/tt0103760/plotsummary"
105,"0363163;""Downfall (2004)"";http://www.imdb.com/title/tt0363163/plotsummary"
106,"0116851;""Leila (1997)"";http://www.imdb.com/title/tt0116851/plotsummary"
107,"0040979;""Drunken Angel (1948)"";http://www.imdb.com/title/tt0040979/plotsummary"
108,"0424434;""Beautiful City (2004)"";http://www.imdb.com/title/tt0424434/plotsummary"
109,"1621800;""How to Train Your Dragon (Video Game 2010)"";http://www.imdb.com/title/tt1621800/plotsummary"
110,"0061747;""Hang 'Em High (1968)"";http://www.imdb.com/title/tt0061747/plotsummary"
111,"1228816;""&quot;Greek&quot; No Campus for Old Rules (TV Episode 2008)"";http://www.imdb.com/title/tt1228816/plotsummary"
112,"1937149;""The Body (2012)"";http://www.imdb.com/title/tt1937149/plotsummary"
113,"0090728;""Big Trouble in Little China (1986)"";http://www.imdb.com/title/tt0090728/plotsummary"
114,"0177858;""In July (2000)"";http://www.imdb.com/title/tt0177858/plotsummary"
115,"2063241;""Farouk Omar (TV Series 2012– )"";http://www.imdb.com/title/tt2063241/plotsummary"
116,"1541775;""The 82nd Annual Academy Awards (2010)"";http://www.imdb.com/title/tt1541775/plotsummary"
117,"0118799;""Life Is Beautiful (1997)"";http://www.imdb.com/title/tt0118799/plotsummary"
118,"0291337;""Max Payne (Video Game 2001)"";http://www.imdb.com/title/tt0291337/plotsummary"
119,"0033467;""Citizen Kane (1941)"";http://www.imdb.com/title/tt0033467/plotsummary"
120,"0056869;""The Birds (1963)"";http://www.imdb.com/title/tt0056869/plotsummary"
121,"3803820;""Pri Para (TV Series 2014– )"";http://www.imdb.com/title/tt3803820/plotsummary"
122,"0081505;""The Shining (1980)"";http://www.imdb.com/title/tt0081505/plotsummary"
123,"0048728;""To Catch a Thief (1955)"";http://www.imdb.com/title/tt0048728/plotsummary"
124,"0997246;""The Song of Sparrows (2008)"";http://www.imdb.com/title/tt0997246/plotsummary"
125,"2645000;""A Life in Dirty Movies (2013)"";http://www.imdb.com/title/tt2645000/plotsummary"
126,"0053291;""Some Like It Hot (1959)"";http://www.imdb.com/title/tt0053291/plotsummary"
127,"1833673;""Dhoom:3 (2013)"";http://www.imdb.com/title/tt1833673/plotsummary"
128,"0044081;""A Streetcar Named Desire (1951)"";http://www.imdb.com/title/tt0044081/plotsummary"
129,"0007145;""One A.M. (1916)"";http://www.imdb.com/title/tt0007145/plotsummary"
130,"0075148;""Rocky (1976)"";http://www.imdb.com/title/tt0075148/plotsummary"
131,"0102005;""Harley Davidson and the Marlboro Man (1991)"";http://www.imdb.com/title/tt0102005/plotsummary"
132,"0469494;""There Will Be Blood (2007)"";http://www.imdb.com/title/tt0469494/plotsummary"
133,"0066989;""Two English Girls (1971)"";http://www.imdb.com/title/tt0066989/plotsummary"
134,"2126154;""This Is England '88 (TV Mini-Series 2011)"";http://www.imdb.com/title/tt2126154/plotsummary"
135,"0252361;""Davaro: Son Eskiya (1981)"";http://www.imdb.com/title/tt0252361/plotsummary"
136,"1924396;""The Best Offer (2013)"";http://www.imdb.com/title/tt1924396/plotsummary"
137,"0072890;""Dog Day Afternoon (1975)"";http://www.imdb.com/title/tt0072890/plotsummary"
138,"0449467;""Babel (2006)"";http://www.imdb.com/title/tt0449467/plotsummary"
139,"2709670;""&quot;The Tonight Show with Jay Leno&quot; Episode #21.101 (TV Episode 2013)"";http://www.imdb.com/title/tt2709670/plotsummary"
140,"0077711;""Autumn Sonata (1978)"";http://www.imdb.com/title/tt0077711/plotsummary"
141,"0066206;""Patton (1970)"";http://www.imdb.com/title/tt0066206/plotsummary"
142,"2914030;""Movie Friends: Prashant Prabhakar (2013)"";http://www.imdb.com/title/tt2914030/plotsummary"
143,"0059742;""The Sound of Music (1965)"";http://www.imdb.com/title/tt0059742/plotsummary"
144,"0079766;""Quadrophenia (1979)"";http://www.imdb.com/title/tt0079766/plotsummary"
145,"0120689;""The Green Mile (1999)"";http://www.imdb.com/title/tt0120689/plotsummary"
146,"0082111;""Buddy Buddy (1981)"";http://www.imdb.com/title/tt0082111/plotsummary"
147,"0070854;""Under Milk Wood (1972)"";http://www.imdb.com/title/tt0070854/plotsummary"
148,"1392214;""Prisoners (2013)"";http://www.imdb.com/title/tt1392214/plotsummary"
149,"0107207;""In the Name of the Father (1993)"";http://www.imdb.com/title/tt0107207/plotsummary"
150,"0082247;""Death Hunt (1981)"";http://www.imdb.com/title/tt0082247/plotsummary"
151,"4469496;""Fantasmes! Sexe, fiction et tentations (TV Movie 2013)"";http://www.imdb.com/title/tt4469496/plotsummary"
152,"0253997;""The King of the Street Cleaners (1977)"";http://www.imdb.com/title/tt0253997/plotsummary"
153,"0167261;""The Lord of the Rings: The Two Towers (2002)"";http://www.imdb.com/title/tt0167261/plotsummary"
154,"0060124;""Man from Nowhere (1966)"";http://www.imdb.com/title/tt0060124/plotsummary"
155,"2606112;""The Devil Incarnate (2013)"";http://www.imdb.com/title/tt2606112/plotsummary"
156,"0052618;""Ben-Hur (1959)"";http://www.imdb.com/title/tt0052618/plotsummary"
157,"0758758;""Into the Wild (2007)"";http://www.imdb.com/title/tt0758758/plotsummary"
158,"0040897;""The Treasure of the Sierra Madre (1948)"";http://www.imdb.com/title/tt0040897/plotsummary"
159,"0294413;""Buck Naked Arson (2001)"";http://www.imdb.com/title/tt0294413/plotsummary"
160,"0462448;""Need for Speed: Most Wanted (Video Game 2005)"";http://www.imdb.com/title/tt0462448/plotsummary"
161,"0061523;""A Countess from Hong Kong (1967)"";http://www.imdb.com/title/tt0061523/plotsummary"
162,"0120512;""Wild America (1997)"";http://www.imdb.com/title/tt0120512/plotsummary"
163,"2140203;""Wolf Children (2012)"";http://www.imdb.com/title/tt2140203/plotsummary"
164,"0051808;""The Hidden Fortress (1958)"";http://www.imdb.com/title/tt0051808/plotsummary"
165,"0554560;""&quot;Dark Angel&quot; Art Attack (TV Episode 2001)"";http://www.imdb.com/title/tt0554560/plotsummary"
166,"0080678;""The Elephant Man (1980)"";http://www.imdb.com/title/tt0080678/plotsummary"
167,"2128314;""&quot;The Story of Film: An Odyssey&quot; New American Independents & the Digital Revolution (TV Episode 2011)"";http://www.imdb.com/title/tt2128314/plotsummary"
168,"0165857;""Let's Talk About Sex (1998)"";http://www.imdb.com/title/tt0165857/plotsummary"
169,"0101258;""Days of Being Wild (1990)"";http://www.imdb.com/title/tt0101258/plotsummary"
170,"1979320;""Rush (2013)"";http://www.imdb.com/title/tt1979320/plotsummary"
171,"0457430;""Pan's Labyrinth (2006)"";http://www.imdb.com/title/tt0457430/plotsummary"
172,"0337978;""Live Free or Die Hard (2007)"";http://www.imdb.com/title/tt0337978/plotsummary"
173,"0381681;""Before Sunset (2004)"";http://www.imdb.com/title/tt0381681/plotsummary"
174,"0019421;""Steamboat Bill, Jr. (1928)"";http://www.imdb.com/title/tt0019421/plotsummary"
175,"0409459;""Watchmen (2009)"";http://www.imdb.com/title/tt0409459/plotsummary"
176,"0177511;""The Glass Agency (1999)"";http://www.imdb.com/title/tt0177511/plotsummary"
177,"0012349;""The Kid (1921)"";http://www.imdb.com/title/tt0012349/plotsummary"
178,"0219288;""Loners (2000)"";http://www.imdb.com/title/tt0219288/plotsummary"
179,"0438584;""Why Germany? (2004)"";http://www.imdb.com/title/tt0438584/plotsummary"
180,"0106330;""Az Karkheh ta Rhein (1993)"";http://www.imdb.com/title/tt0106330/plotsummary"
181,"0061184;""Who's Afraid of Virginia Woolf? (1966)"";http://www.imdb.com/title/tt0061184/plotsummary"
182,"0060196;""The Good, the Bad and the Ugly (1966)"";http://www.imdb.com/title/tt0060196/plotsummary"
183,"1817213;""Marty on Film (Video 2011)"";http://www.imdb.com/title/tt1817213/plotsummary"
184,"0018773;""The Circus (1928)"";http://www.imdb.com/title/tt0018773/plotsummary"
185,"0172495;""Gladiator (2000)"";http://www.imdb.com/title/tt0172495/plotsummary"
186,"0102926;""The Silence of the Lambs (1991)"";http://www.imdb.com/title/tt0102926/plotsummary"
187,"0112864;""Die Hard: With a Vengeance (1995)"";http://www.imdb.com/title/tt0112864/plotsummary"
188,"0364569;""Oldboy (2003)"";http://www.imdb.com/title/tt0364569/plotsummary"
189,"0095903;""The Prince of Pennsylvania (1988)"";http://www.imdb.com/title/tt0095903/plotsummary"
190,"0063568;""If You Meet Sartana Pray for Your Death (1968)"";http://www.imdb.com/title/tt0063568/plotsummary"
191,"0301684;""Once Upon a Time in the Midlands (2002)"";http://www.imdb.com/title/tt0301684/plotsummary"
192,"0120586;""American History X (1998)"";http://www.imdb.com/title/tt0120586/plotsummary"
193,"4381314;""&quot;Scream Queens&quot; Pumpkin Patch (TV Episode 2015)"";http://www.imdb.com/title/tt4381314/plotsummary"
194,"0073707;""Sholay (1975)"";http://www.imdb.com/title/tt0073707/plotsummary"
195,"0831457;""&quot;Comedy Central Presents&quot; Ted Alexandro: 2 (TV Episode 2006)"";http://www.imdb.com/title/tt0831457/plotsummary"
196,"0044079;""Strangers on a Train (1951)"";http://www.imdb.com/title/tt0044079/plotsummary"
197,"0048605;""The Seven Year Itch (1955)"";http://www.imdb.com/title/tt0048605/plotsummary"
198,"0116852;""Leily Is with Me (1996)"";http://www.imdb.com/title/tt0116852/plotsummary"
199,"2265866;""&quot;The Blockbuster Buster&quot; ERod vs. Episode I, Vol. 1 (TV Episode 2012)"";http://www.imdb.com/title/tt2265866/plotsummary"
200,"0477348;""No Country for Old Men (2007)"";http://www.imdb.com/title/tt0477348/plotsummary"
201,"1205489;""Gran Torino (2008)"";http://www.imdb.com/title/tt1205489/plotsummary"
202,"0103644;""Alien³ (1992)"";http://www.imdb.com/title/tt0103644/plotsummary"
203,"0100822;""Tune in Tomorrow... (1990)"";http://www.imdb.com/title/tt0100822/plotsummary"
204,"0382734;""Harvie Krumpet (2003)"";http://www.imdb.com/title/tt0382734/plotsummary"
205,"4991632;""The 88th Annual Academy Awards (2016)"";http://www.imdb.com/title/tt4991632/plotsummary"
206,"0111161;""The Shawshank Redemption (1994)"";http://www.imdb.com/title/tt0111161/plotsummary"
207,"0808506;""The Girl Who Leapt Through Time (2006)"";http://www.imdb.com/title/tt0808506/plotsummary"
208,"0374153;""Dancing in the Dust (2003)"";http://www.imdb.com/title/tt0374153/plotsummary"
209,"0054331;""Spartacus (1960)"";http://www.imdb.com/title/tt0054331/plotsummary"
210,"0285930;""Powder Keg (2001)"";http://www.imdb.com/title/tt0285930/plotsummary"
211,"4778892;""&quot;Honest Trailers&quot; Toy Story (Feat. Will Sasso) (TV Episode 2015)"";http://www.imdb.com/title/tt4778892/plotsummary"
212,"0066921;""A Clockwork Orange (1971)"";http://www.imdb.com/title/tt0066921/plotsummary"
213,"0062622;""2001: A Space Odyssey (1968)"";http://www.imdb.com/title/tt0062622/plotsummary"
214,"0458339;""Captain America: The First Avenger (2011)"";http://www.imdb.com/title/tt0458339/plotsummary"
215,"0046912;""Dial M for Murder (1954)"";http://www.imdb.com/title/tt0046912/plotsummary"
216,"0076915;""The White Buffalo (1977)"";http://www.imdb.com/title/tt0076915/plotsummary"
217,"0120363;""Toy Story 2 (1999)"";http://www.imdb.com/title/tt0120363/plotsummary"
218,"1322835;""&quot;Star Wars: The Clone Wars&quot; Dooku Captured (TV Episode 2009)"";http://www.imdb.com/title/tt1322835/plotsummary"
219,"3706770;""&quot;The Tonight Show Starring Jimmy Fallon&quot; Maya Rudolph/Robert Duvall/Lily Allen (TV Episode 2014)"";http://www.imdb.com/title/tt3706770/plotsummary"
220,"0101414;""Beauty and the Beast (1991)"";http://www.imdb.com/title/tt0101414/plotsummary"
221,"0056172;""Lawrence of Arabia (1962)"";http://www.imdb.com/title/tt0056172/plotsummary"
222,"2488496;""Star Wars: Episode VII - The Force Awakens (2015)"";http://www.imdb.com/title/tt2488496/plotsummary"
223,"0113725;""Maborosi (1995)"";http://www.imdb.com/title/tt0113725/plotsummary"
224,"1230385;""The Yellow Sea (2010)"";http://www.imdb.com/title/tt1230385/plotsummary"
225,"0052357;""Vertigo (1958)"";http://www.imdb.com/title/tt0052357/plotsummary"
226,"0110008;""Pom Poko (1994)"";http://www.imdb.com/title/tt0110008/plotsummary"
227,"0050976;""The Seventh Seal (1957)"";http://www.imdb.com/title/tt0050976/plotsummary"
228,"0075520;""Jesus of Nazareth (TV Mini-Series 1977)"";http://www.imdb.com/title/tt0075520/plotsummary"
229,"1080585;""Dangerous Days: Making Blade Runner (Video 2007)"";http://www.imdb.com/title/tt1080585/plotsummary"
230,"0085959;""The Meaning of Life (1983)"";http://www.imdb.com/title/tt0085959/plotsummary"
231,"0246578;""Donnie Darko (2001)"";http://www.imdb.com/title/tt0246578/plotsummary"
232,"1542852;""Carancho (2010)"";http://www.imdb.com/title/tt1542852/plotsummary"
233,"0104265;""Final Analysis (1992)"";http://www.imdb.com/title/tt0104265/plotsummary"
234,"0217505;""Gangs of New York (2002)"";http://www.imdb.com/title/tt0217505/plotsummary"
235,"0658016;""&quot;NCIS&quot; Red Cell (TV Episode 2005)"";http://www.imdb.com/title/tt0658016/plotsummary"
236,"0100150;""Miller's Crossing (1990)"";http://www.imdb.com/title/tt0100150/plotsummary"
237,"0074896;""The Message (1976)"";http://www.imdb.com/title/tt0074896/plotsummary"
238,"1291584;""Warrior (2011)"";http://www.imdb.com/title/tt1291584/plotsummary"
239,"0417550;""Confession (2005)"";http://www.imdb.com/title/tt0417550/plotsummary"
240,"0103595;""1991: The Year Punk Broke (1992)"";http://www.imdb.com/title/tt0103595/plotsummary"
241,"0113068;""The First 100 Years: A Celebration of American Movies (TV Movie 1995)"";http://www.imdb.com/title/tt0113068/plotsummary"
242,"0120787;""A Perfect Murder (1998)"";http://www.imdb.com/title/tt0120787/plotsummary"
243,"1623877;""&quot;Jeopardy!&quot; Episode #26.147 (TV Episode 2010)"";http://www.imdb.com/title/tt1623877/plotsummary"
244,"0054215;""Psycho (1960)"";http://www.imdb.com/title/tt0054215/plotsummary"
245,"0892769;""How to Train Your Dragon (2010)"";http://www.imdb.com/title/tt0892769/plotsummary"
246,"0472027;""John Adams (TV Mini-Series 2008)"";http://www.imdb.com/title/tt0472027/plotsummary"
247,"2381111;""Brooklyn (2015)"";http://www.imdb.com/title/tt2381111/plotsummary"
248,"0385277;""The Musicman (2007)"";http://www.imdb.com/title/tt0385277/plotsummary"
249,"1832382;""A Separation (2011)"";http://www.imdb.com/title/tt1832382/plotsummary"
250,"3385860;""A Belly Full of Anger (2012)"";http://www.imdb.com/title/tt3385860/plotsummary"
251,"0057565;""High and Low (1963)"";http://www.imdb.com/title/tt0057565/plotsummary"
252,"0083922;""Fanny and Alexander (1982)"";http://www.imdb.com/title/tt0083922/plotsummary"
253,"3170832;""Room (2015)"";http://www.imdb.com/title/tt3170832/plotsummary"
254,"5312004;""Road Fury: Crash & Smash (Video 2015)"";http://www.imdb.com/title/tt5312004/plotsummary"
255,"2175948;""&quot;Anime Abandon&quot; Grave of the Fireflies (TV Episode 2012)"";http://www.imdb.com/title/tt2175948/plotsummary"
256,"0113647;""La ley de la frontera (1995)"";http://www.imdb.com/title/tt0113647/plotsummary"
257,"0066907;""Chato's Land (1972)"";http://www.imdb.com/title/tt0066907/plotsummary"
258,"1853728;""Django Unchained (2012)"";http://www.imdb.com/title/tt1853728/plotsummary"
259,"0083658;""Blade Runner (1982)"";http://www.imdb.com/title/tt0083658/plotsummary"
260,"1587501;""&quot;Chuck&quot; Chuck Versus the Other Guy (TV Episode 2010)"";http://www.imdb.com/title/tt1587501/plotsummary"
261,"1020796;""Freedom! Forever!: Making 'V for Vendetta' (Video 2006)"";http://www.imdb.com/title/tt1020796/plotsummary"
262,"0112641;""Casino (1995)"";http://www.imdb.com/title/tt0112641/plotsummary"
263,"5468636;""&quot;Mike & Mike&quot; Episode dated 12 February 2016 (TV Episode 2016)"";http://www.imdb.com/title/tt5468636/plotsummary"
264,"0113568;""Ghost in the Shell (1995)"";http://www.imdb.com/title/tt0113568/plotsummary"
265,"3682448;""Bridge of Spies (2015)"";http://www.imdb.com/title/tt3682448/plotsummary"
266,"1520211;""The Walking Dead (TV Series 2010– )"";http://www.imdb.com/title/tt1520211/plotsummary"
267,"0059431;""Marriage on the Rocks (1965)"";http://www.imdb.com/title/tt0059431/plotsummary"
268,"0304141;""Harry Potter and the Prisoner of Azkaban (2004)"";http://www.imdb.com/title/tt0304141/plotsummary"
269,"0347048;""Head-On (2004)"";http://www.imdb.com/title/tt0347048/plotsummary"
270,"0995031;""Bhool Bhulaiyaa (2007)"";http://www.imdb.com/title/tt0995031/plotsummary"
271,"0025316;""It Happened One Night (1934)"";http://www.imdb.com/title/tt0025316/plotsummary"
272,"0105695;""Unforgiven (1992)"";http://www.imdb.com/title/tt0105695/plotsummary"
273,"0367882;""Indiana Jones and the Kingdom of the Crystal Skull (2008)"";http://www.imdb.com/title/tt0367882/plotsummary"
274,"1028532;""Hachi: A Dog's Tale (2009)"";http://www.imdb.com/title/tt1028532/plotsummary"
275,"0081398;""Raging Bull (1980)"";http://www.imdb.com/title/tt0081398/plotsummary"
276,"0112471;""Before Sunrise (1995)"";http://www.imdb.com/title/tt0112471/plotsummary"
277,"1032755;""RocknRolla (2008)"";http://www.imdb.com/title/tt1032755/plotsummary"
278,"1054486;""Futurama: Bender's Game (Video 2008)"";http://www.imdb.com/title/tt1054486/plotsummary"
279,"1220719;""Ip Man (2008)"";http://www.imdb.com/title/tt1220719/plotsummary"
280,"0242519;""Hera Pheri (2000)"";http://www.imdb.com/title/tt0242519/plotsummary"
281,"0851578;""Paprika (2006)"";http://www.imdb.com/title/tt0851578/plotsummary"
282,"0119217;""Good Will Hunting (1997)"";http://www.imdb.com/title/tt0119217/plotsummary"
283,"0387374;""The Making of 'Alien³' (Video 2003)"";http://www.imdb.com/title/tt0387374/plotsummary"
284,"4062536;""Green Room (2015)"";http://www.imdb.com/title/tt4062536/plotsummary"
285,"0080633;""The Disco of Love (1980)"";http://www.imdb.com/title/tt0080633/plotsummary"
286,"0036342;""Shadow of a Doubt (1943)"";http://www.imdb.com/title/tt0036342/plotsummary"
287,"0026138;""Bride of Frankenstein (1935)"";http://www.imdb.com/title/tt0026138/plotsummary"
288,"0862467;""Valhalla Rising (2009)"";http://www.imdb.com/title/tt0862467/plotsummary"
289,"0166896;""The Straight Story (1999)"";http://www.imdb.com/title/tt0166896/plotsummary"
290,"0092991;""Evil Dead II (1987)"";http://www.imdb.com/title/tt0092991/plotsummary"
291,"3468492;""&quot;The Cinema Snob&quot; Fatal Games (TV Episode 2014)"";http://www.imdb.com/title/tt3468492/plotsummary"
292,"0118845;""Happy Together (1997)"";http://www.imdb.com/title/tt0118845/plotsummary"
293,"0059673;""Samurai Assassin (1965)"";http://www.imdb.com/title/tt0059673/plotsummary"
294,"0017136;""Metropolis (1927)"";http://www.imdb.com/title/tt0017136/plotsummary"
295,"0092067;""Castle in the Sky (1986)"";http://www.imdb.com/title/tt0092067/plotsummary"
296,"1626811;""Cameraman: The Life and Work of Jack Cardiff (2010)"";http://www.imdb.com/title/tt1626811/plotsummary"
297,"0021749;""City Lights (1931)"";http://www.imdb.com/title/tt0021749/plotsummary"
298,"0117951;""Trainspotting (1996)"";http://www.imdb.com/title/tt0117951/plotsummary"
299,"0430676;""Do You Like Hitchcock? (TV Movie 2005)"";http://www.imdb.com/title/tt0430676/plotsummary"
300,"0043548;""Flying Padre (1951)"";http://www.imdb.com/title/tt0043548/plotsummary"
301,"0075686;""Annie Hall (1977)"";http://www.imdb.com/title/tt0075686/plotsummary"
302,"0097438;""Gleaming the Cube (1989)"";http://www.imdb.com/title/tt0097438/plotsummary"
303,"0038109;""Spellbound (1945)"";http://www.imdb.com/title/tt0038109/plotsummary"
304,"0081834;""Das Boot (TV Mini-Series 1985)"";http://www.imdb.com/title/tt0081834/plotsummary"
305,"0944947;""Game of Thrones (TV Series 2011– )"";http://www.imdb.com/title/tt0944947/plotsummary"
306,"0030993;""You Can't Take It With You (1938)"";http://www.imdb.com/title/tt0030993/plotsummary"
307,"1166100;""Ghajini (2008)"";http://www.imdb.com/title/tt1166100/plotsummary"
308,"0108500;""Les visiteurs (1993)"";http://www.imdb.com/title/tt0108500/plotsummary"
309,"0056801;""8½ (1963)"";http://www.imdb.com/title/tt0056801/plotsummary"
310,"0416960;""The Lizard (2004)"";http://www.imdb.com/title/tt0416960/plotsummary"
311,"0245712;""Amores Perros (2000)"";http://www.imdb.com/title/tt0245712/plotsummary"
312,"0211915;""Amélie (2001)"";http://www.imdb.com/title/tt0211915/plotsummary"
313,"2316411;""Enemy (2013)"";http://www.imdb.com/title/tt2316411/plotsummary"
314,"2802144;""Kingsman: The Secret Service (2014)"";http://www.imdb.com/title/tt2802144/plotsummary"
315,"1504320;""The King's Speech (2010)"";http://www.imdb.com/title/tt1504320/plotsummary"
316,"0014341;""Our Hospitality (1923)"";http://www.imdb.com/title/tt0014341/plotsummary"
317,"0028950;""La Grande Illusion (1937)"";http://www.imdb.com/title/tt0028950/plotsummary"
318,"0180093;""Requiem for a Dream (2000)"";http://www.imdb.com/title/tt0180093/plotsummary"
319,"4946702;""&quot;Back of the Nation&quot; Episode #2.10 (TV Episode 2015)"";http://www.imdb.com/title/tt4946702/plotsummary"
320,"0280745;""Hollywood Mavericks (1990)"";http://www.imdb.com/title/tt0280745/plotsummary"
321,"1663202;""The Revenant (2015)"";http://www.imdb.com/title/tt1663202/plotsummary"
322,"1812603;""&quot;The Colbert Report&quot; Kevin Spacey (TV Episode 2011)"";http://www.imdb.com/title/tt1812603/plotsummary"
323,"3531496;""Hussein, Who Said No (2014)"";http://www.imdb.com/title/tt3531496/plotsummary"
324,"1160424;""Who Killed Nancy? (2009)"";http://www.imdb.com/title/tt1160424/plotsummary"
325,"4523734;""&quot;Glass Reflection&quot; The Girl Who Leapt Through Time (TV Episode 2010)"";http://www.imdb.com/title/tt4523734/plotsummary"
326,"1509797;""Living on Love Alone (2010)"";http://www.imdb.com/title/tt1509797/plotsummary"
327,"0095730;""The Night Before (1988)"";http://www.imdb.com/title/tt0095730/plotsummary"
328,"0175880;""Magnolia (1999)"";http://www.imdb.com/title/tt0175880/plotsummary"
329,"0169214;""The Secret Life of Algernon (1997)"";http://www.imdb.com/title/tt0169214/plotsummary"
330,"0111408;""That's Entertainment! III (1994)"";http://www.imdb.com/title/tt0111408/plotsummary"
331,"1379092;""Oil City Confidential (2009)"";http://www.imdb.com/title/tt1379092/plotsummary"
332,"0770828;""Man of Steel (2013)"";http://www.imdb.com/title/tt0770828/plotsummary"
333,"0582355;""&quot;Frasier&quot; Breaking the Ice (TV Episode 1995)"";http://www.imdb.com/title/tt0582355/plotsummary"
334,"0090257;""My Sweet Little Village (1985)"";http://www.imdb.com/title/tt0090257/plotsummary"
335,"0492878;""Drake and Josh Go Hollywood (TV Movie 2006)"";http://www.imdb.com/title/tt0492878/plotsummary"
336,"1179933;""10 Cloverfield Lane (2016)"";http://www.imdb.com/title/tt1179933/plotsummary"
337,"0120735;""Lock, Stock and Two Smoking Barrels (1998)"";http://www.imdb.com/title/tt0120735/plotsummary"
338,"0114814;""The Usual Suspects (1995)"";http://www.imdb.com/title/tt0114814/plotsummary"
339,"0325980;""Pirates of the Caribbean: The Curse of the Black Pearl (2003)"";http://www.imdb.com/title/tt0325980/plotsummary"
340,"2495118;""Ip Man: The Final Fight (2013)"";http://www.imdb.com/title/tt2495118/plotsummary"
341,"0022286;""The Public Enemy (1931)"";http://www.imdb.com/title/tt0022286/plotsummary"
342,"1675434;""The Intouchables (2011)"";http://www.imdb.com/title/tt1675434/plotsummary"
343,"0252597;""Feyzo, the Polite One (1978)"";http://www.imdb.com/title/tt0252597/plotsummary"
344,"0048254;""Killer's Kiss (1955)"";http://www.imdb.com/title/tt0048254/plotsummary"
345,"0112913;""Fallen Angels (1995)"";http://www.imdb.com/title/tt0112913/plotsummary"
346,"0043265;""The African Queen (1951)"";http://www.imdb.com/title/tt0043265/plotsummary"
347,"0282856;""Porn Star: The Legend of Ron Jeremy (2001)"";http://www.imdb.com/title/tt0282856/plotsummary"
348,"0672487;""&quot;Peep Show&quot; Mugging (TV Episode 2005)"";http://www.imdb.com/title/tt0672487/plotsummary"
349,"1358997;""The Mustachioed Bandit Meets His End (2007)"";http://www.imdb.com/title/tt1358997/plotsummary"
350,"0013442;""Nosferatu (1922)"";http://www.imdb.com/title/tt0013442/plotsummary"
351,"0993846;""The Wolf of Wall Street (2013)"";http://www.imdb.com/title/tt0993846/plotsummary"
352,"0060675;""Masculin Féminin (1966)"";http://www.imdb.com/title/tt0060675/plotsummary"
353,"1255953;""Incendies (2010)"";http://www.imdb.com/title/tt1255953/plotsummary"
354,"0453671;""Garam Masala (2005)"";http://www.imdb.com/title/tt0453671/plotsummary"
355,"0655395;""&quot;Mystery Science Theater 3000&quot; 12 to the Moon (TV Episode 1994)"";http://www.imdb.com/title/tt0655395/plotsummary"
356,"0029664;""Thoroughbreds Don't Cry (1937)"";http://www.imdb.com/title/tt0029664/plotsummary"
357,"1796395;""Alzheimer's (2010)"";http://www.imdb.com/title/tt1796395/plotsummary"
358,"0071315;""Chinatown (1974)"";http://www.imdb.com/title/tt0071315/plotsummary"
359,"0023589;""Three Wise Girls (1932)"";http://www.imdb.com/title/tt0023589/plotsummary"
360,"0110631;""Nightwatch (1994)"";http://www.imdb.com/title/tt0110631/plotsummary"
361,"0043014;""Sunset Blvd. (1950)"";http://www.imdb.com/title/tt0043014/plotsummary"
362,"0078105;""Power Play (1978)"";http://www.imdb.com/title/tt0078105/plotsummary"
363,"3084150;""Yousuf e Payambar (TV Series 2007– )"";http://www.imdb.com/title/tt3084150/plotsummary"
364,"3477194;""20th Annual Screen Actors Guild Awards (2014)"";http://www.imdb.com/title/tt3477194/plotsummary"
365,"3202320;""Taiwanese School: The Experiment of Sergei Eisenstein's Montage Theory (2009)"";http://www.imdb.com/title/tt3202320/plotsummary"
366,"0029850;""Alexander Nevsky (1938)"";http://www.imdb.com/title/tt0029850/plotsummary"
367,"0091763;""Platoon (1986)"";http://www.imdb.com/title/tt0091763/plotsummary"
368,"1815138;""Mokhtarnameh (TV Series 2010–2011)"";http://www.imdb.com/title/tt1815138/plotsummary"
369,"3038142;""Inner Demons (2014)"";http://www.imdb.com/title/tt3038142/plotsummary"
370,"0044706;""High Noon (1952)"";http://www.imdb.com/title/tt0044706/plotsummary"
371,"0069467;""Cries & Whispers (1972)"";http://www.imdb.com/title/tt0069467/plotsummary"
372,"0435761;""Toy Story 3 (2010)"";http://www.imdb.com/title/tt0435761/plotsummary"
373,"0113824;""Whisper of the Heart (1995)"";http://www.imdb.com/title/tt0113824/plotsummary"
374,"0039041;""Tomorrow Is Forever (1946)"";http://www.imdb.com/title/tt0039041/plotsummary"
375,"1568921;""The Secret World of Arrietty (2010)"";http://www.imdb.com/title/tt1568921/plotsummary"
376,"0046268;""The Wages of Fear (1953)"";http://www.imdb.com/title/tt0046268/plotsummary"
377,"0236027;""Flickering Lights (2000)"";http://www.imdb.com/title/tt0236027/plotsummary"
378,"1113810;""M for Mother (2006)"";http://www.imdb.com/title/tt1113810/plotsummary"
379,"0031737;""Nurse Edith Cavell (1939)"";http://www.imdb.com/title/tt0031737/plotsummary"
380,"0279695;""Blackwoods (2001)"";http://www.imdb.com/title/tt0279695/plotsummary"
381,"0055032;""Jules and Jim (1962)"";http://www.imdb.com/title/tt0055032/plotsummary"
382,"0055630;""Yojimbo (1961)"";http://www.imdb.com/title/tt0055630/plotsummary"
383,"0069833;""Chino (1973)"";http://www.imdb.com/title/tt0069833/plotsummary"
384,"0032976;""Rebecca (1940)"";http://www.imdb.com/title/tt0032976/plotsummary"
385,"0110413;""Léon: The Professional (1994)"";http://www.imdb.com/title/tt0110413/plotsummary"
386,"0038650;""It's a Wonderful Life (1946)"";http://www.imdb.com/title/tt0038650/plotsummary"
387,"2461862;""The Oscars (2013)"";http://www.imdb.com/title/tt2461862/plotsummary"
388,"0070608;""Robin Hood (1973)"";http://www.imdb.com/title/tt0070608/plotsummary"
389,"0275140;""Law & Order: Criminal Intent (TV Series 2001–2011)"";http://www.imdb.com/title/tt0275140/plotsummary"
390,"0145777;""Flashback (1969)"";http://www.imdb.com/title/tt0145777/plotsummary"
391,"0342492;""The Green Butchers (2003)"";http://www.imdb.com/title/tt0342492/plotsummary"
392,"0097576;""Indiana Jones and the Last Crusade (1989)"";http://www.imdb.com/title/tt0097576/plotsummary"
393,"2282016;""The Possession of Michael King (2014)"";http://www.imdb.com/title/tt2282016/plotsummary"
394,"2338151;""PK (2014)"";http://www.imdb.com/title/tt2338151/plotsummary"
395,"0361748;""Inglourious Basterds (2009)"";http://www.imdb.com/title/tt0361748/plotsummary"
396,"0034198;""Skylark (1941)"";http://www.imdb.com/title/tt0034198/plotsummary"
397,"0104647;""Kuffs (1992)"";http://www.imdb.com/title/tt0104647/plotsummary"
398,"0070047;""The Exorcist (1973)"";http://www.imdb.com/title/tt0070047/plotsummary"
399,"0530517;""&quot;Boston Legal&quot; Finding Nimmo (TV Episode 2005)"";http://www.imdb.com/title/tt0530517/plotsummary"
400,"0201368;""The Broken Landlord (1985)"";http://www.imdb.com/title/tt0201368/plotsummary"
401,"0245574;""Y Tu Mamá También (2001)"";http://www.imdb.com/title/tt0245574/plotsummary"
402,"0825279;""20 Years After (2008)"";http://www.imdb.com/title/tt0825279/plotsummary"
403,"0040746;""Rope (1948)"";http://www.imdb.com/title/tt0040746/plotsummary"
404,"0078771;""Love on the Run (1979)"";http://www.imdb.com/title/tt0078771/plotsummary"
405,"0077416;""The Deer Hunter (1978)"";http://www.imdb.com/title/tt0077416/plotsummary"
406,"0156248;""August 32nd on Earth (1998)"";http://www.imdb.com/title/tt0156248/plotsummary"
407,"1454029;""The Help (2011)"";http://www.imdb.com/title/tt1454029/plotsummary"
408,"0042192;""All About Eve (1950)"";http://www.imdb.com/title/tt0042192/plotsummary"
409,"0075143;""The Message (1976)"";http://www.imdb.com/title/tt0075143/plotsummary"
410,"0903624;""The Hobbit: An Unexpected Journey (2012)"";http://www.imdb.com/title/tt0903624/plotsummary"
411,"0113718;""Lumière and Company (1995)"";http://www.imdb.com/title/tt0113718/plotsummary"
412,"0905372;""The Thing (2011)"";http://www.imdb.com/title/tt0905372/plotsummary"
413,"2281977;""&quot;Final de partida&quot; Los premios Óscar (TV Episode 2012)"";http://www.imdb.com/title/tt2281977/plotsummary"
414,"0031835;""The Rains Came (1939)"";http://www.imdb.com/title/tt0031835/plotsummary"
415,"0036868;""The Best Years of Our Lives (1946)"";http://www.imdb.com/title/tt0036868/plotsummary"
416,"0092484;""Wiseguy (TV Series 1987–1990)"";http://www.imdb.com/title/tt0092484/plotsummary"
417,"0247082;""CSI: Crime Scene Investigation (TV Series 2000–2015)"";http://www.imdb.com/title/tt0247082/plotsummary"
418,"0086022;""Nostalgia (1983)"";http://www.imdb.com/title/tt0086022/plotsummary"
419,"0240900;""Slackers (2002)"";http://www.imdb.com/title/tt0240900/plotsummary"
420,"0964517;""The Fighter (2010)"";http://www.imdb.com/title/tt0964517/plotsummary"
421,"0034415;""Ziegfeld Girl (1941)"";http://www.imdb.com/title/tt0034415/plotsummary"
422,"0094625;""Akira (1988)"";http://www.imdb.com/title/tt0094625/plotsummary"
423,"0107048;""Groundhog Day (1993)"";http://www.imdb.com/title/tt0107048/plotsummary"
424,"0845439;""Fireworks Wednesday (2006)"";http://www.imdb.com/title/tt0845439/plotsummary"
425,"0077651;""Halloween (1978)"";http://www.imdb.com/title/tt0077651/plotsummary"
426,"0338564;""Infernal Affairs (2002)"";http://www.imdb.com/title/tt0338564/plotsummary"
427,"0083987;""Gandhi (1982)"";http://www.imdb.com/title/tt0083987/plotsummary"
428,"0776527;""&quot;Mystery Science Theater 3000&quot; The Atomic Brain (TV Episode 1993)"";http://www.imdb.com/title/tt0776527/plotsummary"
429,"0063034;""Great Catherine (1968)"";http://www.imdb.com/title/tt0063034/plotsummary"
430,"0058461;""A Fistful of Dollars (1964)"";http://www.imdb.com/title/tt0058461/plotsummary"
431,"0105236;""Reservoir Dogs (1992)"";http://www.imdb.com/title/tt0105236/plotsummary"
432,"0081059;""Lion of the Desert (1981)"";http://www.imdb.com/title/tt0081059/plotsummary"
433,"0482571;""The Prestige (2006)"";http://www.imdb.com/title/tt0482571/plotsummary"
434,"0080979;""Kagemusha (1980)"";http://www.imdb.com/title/tt0080979/plotsummary"
435,"0161292;""Bleeder (1999)"";http://www.imdb.com/title/tt0161292/plotsummary"
436,"2399900;""Four Twenty (2012)"";http://www.imdb.com/title/tt2399900/plotsummary"
437,"0036275;""Presenting Lily Mars (1943)"";http://www.imdb.com/title/tt0036275/plotsummary"
438,"2128662;""&quot;Peep Show&quot; The William Morris Years (TV Episode 2015)"";http://www.imdb.com/title/tt2128662/plotsummary"
439,"1986451;""Imam Ali (TV Series 1997–1998)"";http://www.imdb.com/title/tt1986451/plotsummary"
440,"0451094;""Sympathy for Lady Vengeance (2005)"";http://www.imdb.com/title/tt0451094/plotsummary"
441,"1212450;""Lawless (2012)"";http://www.imdb.com/title/tt1212450/plotsummary"
442,"0119576;""Another Nine & a Half Weeks (1997)"";http://www.imdb.com/title/tt0119576/plotsummary"
443,"0022100;""M (1931)"";http://www.imdb.com/title/tt0022100/plotsummary"
444,"4399942;""73rd Golden Globe Awards (2016)"";http://www.imdb.com/title/tt4399942/plotsummary"
445,"0449465;""The 2004 IFP/West Independent Spirit Awards (TV Movie 2004)"";http://www.imdb.com/title/tt0449465/plotsummary"
446,"2554790;""&quot;Demo Reel&quot; The Dark Knight Begins Rising (TV Episode 2012)"";http://www.imdb.com/title/tt2554790/plotsummary"
447,"3921314;""Muhammad: The Messenger of God (2015)"";http://www.imdb.com/title/tt3921314/plotsummary"
448,"0095468;""A Short Film About Killing (1988)"";http://www.imdb.com/title/tt0095468/plotsummary"
449,"5182350;""&quot;Late Night with Seth Meyers&quot; Sam Rockwell/Cristin Milioti/Neil Cavuto/Jeremy Gara (TV Episode 2015)"";http://www.imdb.com/title/tt5182350/plotsummary"
450,"0096921;""Beyond the Stars (1989)"";http://www.imdb.com/title/tt0096921/plotsummary"
451,"0401792;""Sin City (2005)"";http://www.imdb.com/title/tt0401792/plotsummary"
452,"0425253;""Mini's First Time (2006)"";http://www.imdb.com/title/tt0425253/plotsummary"
453,"0061512;""Cool Hand Luke (1967)"";http://www.imdb.com/title/tt0061512/plotsummary"
454,"0063929;""Monty Python's Flying Circus (TV Series 1969–1974)"";http://www.imdb.com/title/tt0063929/plotsummary"
455,"0119698;""Princess Mononoke (1997)"";http://www.imdb.com/title/tt0119698/plotsummary"
456,"0372784;""Batman Begins (2005)"";http://www.imdb.com/title/tt0372784/plotsummary"
457,"1087578;""Still Walking (2008)"";http://www.imdb.com/title/tt1087578/plotsummary"
458,"4593298;""Chasing 'Time Bandits': An Interview with Terry Gilliam (Video 2013)"";http://www.imdb.com/title/tt4593298/plotsummary"
459,"2040140;""&quot;Nostalgia Critic&quot; Exorcist 2 (TV Episode 2011)"";http://www.imdb.com/title/tt2040140/plotsummary"
460,"0074119;""All the President's Men (1976)"";http://www.imdb.com/title/tt0074119/plotsummary"
461,"1335923;""&quot;De wereld draait door&quot; Episode #4.65 (TV Episode 2008)"";http://www.imdb.com/title/tt1335923/plotsummary"
462,"0050613;""Throne of Blood (1957)"";http://www.imdb.com/title/tt0050613/plotsummary"
463,"0013486;""Pay Day (1922)"";http://www.imdb.com/title/tt0013486/plotsummary"
464,"0119244;""Hacks (1997)"";http://www.imdb.com/title/tt0119244/plotsummary"
465,"0071562;""The Godfather: Part II (1974)"";http://www.imdb.com/title/tt0071562/plotsummary"
466,"0060897;""Return of the Seven (1966)"";http://www.imdb.com/title/tt0060897/plotsummary"
467,"1560747;""The Master (2012)"";http://www.imdb.com/title/tt1560747/plotsummary"
468,"0057115;""The Great Escape (1963)"";http://www.imdb.com/title/tt0057115/plotsummary"
469,"1064932;""Welcome to the Sticks (2008)"";http://www.imdb.com/title/tt1064932/plotsummary"
470,"0226461;""Soft Hands (1964)"";http://www.imdb.com/title/tt0226461/plotsummary"
471,"0776519;""&quot;Mystery Science Theater 3000&quot; Samson vs. the Vampire Women (TV Episode 1995)"";http://www.imdb.com/title/tt0776519/plotsummary"
472,"0087544;""Nausicaä of the Valley of the Wind (1984)"";http://www.imdb.com/title/tt0087544/plotsummary"
473,"2106476;""The Hunt (2012)"";http://www.imdb.com/title/tt2106476/plotsummary"
474,"0209144;""Memento (2000)"";http://www.imdb.com/title/tt0209144/plotsummary"
475,"0015864;""The Gold Rush (1925)"";http://www.imdb.com/title/tt0015864/plotsummary"
476,"0079221;""Gol Maal (1979)"";http://www.imdb.com/title/tt0079221/plotsummary"
477,"0137523;""Fight Club (1999)"";http://www.imdb.com/title/tt0137523/plotsummary"
478,"0107290;""Jurassic Park (1993)"";http://www.imdb.com/title/tt0107290/plotsummary"
479,"0089370;""The Jewel of the Nile (1985)"";http://www.imdb.com/title/tt0089370/plotsummary"
480,"4661634;""&quot;Countdown&quot; Episode #72.78 (TV Episode 2015)"";http://www.imdb.com/title/tt4661634/plotsummary"
481,"0319020;""Awara Paagal Deewana (2002)"";http://www.imdb.com/title/tt0319020/plotsummary"
482,"0113247;""La Haine (1995)"";http://www.imdb.com/title/tt0113247/plotsummary"
483,"0054047;""The Magnificent Seven (1960)"";http://www.imdb.com/title/tt0054047/plotsummary"
484,"0280720;""The Guru (2002)"";http://www.imdb.com/title/tt0280720/plotsummary"
485,"0099685;""Goodfellas (1990)"";http://www.imdb.com/title/tt0099685/plotsummary"
486,"0886290;""&quot;Ugly Betty&quot; After Hours (TV Episode 2006)"";http://www.imdb.com/title/tt0886290/plotsummary"
487,"1034314;""Iron Sky (2012)"";http://www.imdb.com/title/tt1034314/plotsummary"
488,"0047977;""Davy Crockett: King of the Wild Frontier (1955)"";http://www.imdb.com/title/tt0047977/plotsummary"
489,"0329347;""I Am Taraneh, I Am Fifteen Years Old (2002)"";http://www.imdb.com/title/tt0329347/plotsummary"
490,"0805184;""Bhagam Bhag (2006)"";http://www.imdb.com/title/tt0805184/plotsummary"
491,"0097814;""Kiki's Delivery Service (1989)"";http://www.imdb.com/title/tt0097814/plotsummary"
492,"2768802;""Mickey Mouse (TV Series 2013– )"";http://www.imdb.com/title/tt2768802/plotsummary"
493,"1535224;""&quot;Jeopardy!&quot; Episode #26.28 (TV Episode 2009)"";http://www.imdb.com/title/tt1535224/plotsummary"
494,"0120915;""Star Wars: Episode I - The Phantom Menace (1999)"";http://www.imdb.com/title/tt0120915/plotsummary"
495,"0078748;""Alien (1979)"";http://www.imdb.com/title/tt0078748/plotsummary"
496,"0292542;""Son of the Bride (2001)"";http://www.imdb.com/title/tt0292542/plotsummary"
497,"1065073;""Boyhood (2014)"";http://www.imdb.com/title/tt1065073/plotsummary"
498,"0086190;""Star Wars: Episode VI - Return of the Jedi (1983)"";http://www.imdb.com/title/tt0086190/plotsummary"
499,"1772341;""Wreck-It Ralph (2012)"";http://www.imdb.com/title/tt1772341/plotsummary"
500,"0040522;""Bicycle Thieves (1948)"";http://www.imdb.com/title/tt0040522/plotsummary"
501,"0973844;""To Each His Own Cinema (2007)"";http://www.imdb.com/title/tt0973844/plotsummary"
502,"0166924;""Mulholland Drive (2001)"";http://www.imdb.com/title/tt0166924/plotsummary"
503,"0030386;""Love Finds Andy Hardy (1938)"";http://www.imdb.com/title/tt0030386/plotsummary"
504,"0395169;""Hotel Rwanda (2004)"";http://www.imdb.com/title/tt0395169/plotsummary"
505,"0280387;""The 73rd Annual Academy Awards (2001)"";http://www.imdb.com/title/tt0280387/plotsummary"
506,"0400270;""Cake Boy (Video 2005)"";http://www.imdb.com/title/tt0400270/plotsummary"
507,"1705786;""Chinese Take-Out (2011)"";http://www.imdb.com/title/tt1705786/plotsummary"
508,"3696192;""Singh Is Bliing (2015)"";http://www.imdb.com/title/tt3696192/plotsummary"
509,"1207585;""&quot;Troldspejlet&quot; Episode #25.9 (TV Episode 2001)"";http://www.imdb.com/title/tt1207585/plotsummary"
510,"0387616;""Superior Firepower: The Making of 'Aliens' (Video 2003)"";http://www.imdb.com/title/tt0387616/plotsummary"
511,"0041594;""Little Women (1949)"";http://www.imdb.com/title/tt0041594/plotsummary"
512,"0120737;""The Lord of the Rings: The Fellowship of the Ring (2001)"";http://www.imdb.com/title/tt0120737/plotsummary"
513,"0181852;""Terminator 3: Rise of the Machines (2003)"";http://www.imdb.com/title/tt0181852/plotsummary"
514,"2948356;""Zootopia (2016)"";http://www.imdb.com/title/tt2948356/plotsummary"
515,"4837300;""A Night at the Movies: George Lucas and the World of Fantasy Cinema (TV Movie 2014)"";http://www.imdb.com/title/tt4837300/plotsummary"
516,"0071853;""Monty Python and the Holy Grail (1975)"";http://www.imdb.com/title/tt0071853/plotsummary"
517,"0070379;""Mean Streets (1973)"";http://www.imdb.com/title/tt0070379/plotsummary"
518,"0701242;""&quot;The Simpsons&quot; The Heartbroke Kid (TV Episode 2005)"";http://www.imdb.com/title/tt0701242/plotsummary"
519,"0758368;""&quot;The Simpsons&quot; Treehouse of Horror III (TV Episode 1992)"";http://www.imdb.com/title/tt0758368/plotsummary"
520,"0053125;""North by Northwest (1959)"";http://www.imdb.com/title/tt0053125/plotsummary"
521,"2719688;""&quot;Maltin on Movies&quot; Oz the Great and Powerful (TV Episode 2013)"";http://www.imdb.com/title/tt2719688/plotsummary"
522,"2848876;""Howze Naghashi (2013)"";http://www.imdb.com/title/tt2848876/plotsummary"
523,"0073298;""Lisztomania (1975)"";http://www.imdb.com/title/tt0073298/plotsummary"
524,"3421514;""Supercondriaque (2014)"";http://www.imdb.com/title/tt3421514/plotsummary"
525,"1323594;""Despicable Me (2010)"";http://www.imdb.com/title/tt1323594/plotsummary"
526,"0816692;""Interstellar (2014)"";http://www.imdb.com/title/tt0816692/plotsummary"
527,"0020629;""All Quiet on the Western Front (1930)"";http://www.imdb.com/title/tt0020629/plotsummary"
528,"0800099;""Joe Strummer: The Future Is Unwritten (2007)"";http://www.imdb.com/title/tt0800099/plotsummary"
529,"0104652;""Porco Rosso (1992)"";http://www.imdb.com/title/tt0104652/plotsummary"
530,"1722426;""Auschwitz (2011)"";http://www.imdb.com/title/tt1722426/plotsummary"
531,"0347618;""The Cat Returns (2002)"";http://www.imdb.com/title/tt0347618/plotsummary"
532,"0046345;""Summer with Monika (1953)"";http://www.imdb.com/title/tt0046345/plotsummary"
533,"1044818;""&quot;The South Bank Show&quot; Irvine Welsh (TV Episode 2006)"";http://www.imdb.com/title/tt1044818/plotsummary"
534,"0440963;""The Bourne Ultimatum (2007)"";http://www.imdb.com/title/tt0440963/plotsummary"
535,"0039871;""One Wonderful Sunday (1947)"";http://www.imdb.com/title/tt0039871/plotsummary"
536,"0042384;""Day of the Fight (1951)"";http://www.imdb.com/title/tt0042384/plotsummary"
537,"0119488;""L.A. Confidential (1997)"";http://www.imdb.com/title/tt0119488/plotsummary"
538,"1431045;""Deadpool (2016)"";http://www.imdb.com/title/tt1431045/plotsummary"
539,"3262722;""71st Golden Globe Awards (2014)"";http://www.imdb.com/title/tt3262722/plotsummary"
540,"4935372;""The Devil's Candy (2015)"";http://www.imdb.com/title/tt4935372/plotsummary"
541,"0751066;""&quot;The X-Files&quot; 3 (TV Episode 1994)"";http://www.imdb.com/title/tt0751066/plotsummary"
542,"0384134;""Give and Take, and Take (2003)"";http://www.imdb.com/title/tt0384134/plotsummary"
543,"1175491;""W. (2008)"";http://www.imdb.com/title/tt1175491/plotsummary"
544,"0198781;""Monsters, Inc. (2001)"";http://www.imdb.com/title/tt0198781/plotsummary"
545,"0317705;""The Incredibles (2004)"";http://www.imdb.com/title/tt0317705/plotsummary"
546,"0268380;""Ice Age (2002)"";http://www.imdb.com/title/tt0268380/plotsummary"
547,"0053752;""The Day They Robbed the Bank of England (1960)"";http://www.imdb.com/title/tt0053752/plotsummary"
548,"0292490;""Dil Chahta Hai (2001)"";http://www.imdb.com/title/tt0292490/plotsummary"
549,"0051201;""Witness for the Prosecution (1957)"";http://www.imdb.com/title/tt0051201/plotsummary"
550,"1593620;""&quot;Who Wants to Be a Millionaire&quot; Million Dollar Movie Week 5 (TV Episode 2009)"";http://www.imdb.com/title/tt1593620/plotsummary"
551,"4070214;""&quot;Shut Up and Talk&quot; Lindsay Ellis (TV Episode 2014)"";http://www.imdb.com/title/tt4070214/plotsummary"
552,"0126029;""Shrek (2001)"";http://www.imdb.com/title/tt0126029/plotsummary"
553,"0171825;""The Thin Pink Line (1998)"";http://www.imdb.com/title/tt0171825/plotsummary"
554,"0096874;""Back to the Future Part II (1989)"";http://www.imdb.com/title/tt0096874/plotsummary"
555,"1625351;""The 83rd Annual Academy Awards (2011)"";http://www.imdb.com/title/tt1625351/plotsummary"
556,"2221870;""&quot;Brief Film Reviews&quot; My DVD/Blu-Ray Collection (TV Episode 2010)"";http://www.imdb.com/title/tt2221870/plotsummary"
557,"2141777;""Crawlspace (2013)"";http://www.imdb.com/title/tt2141777/plotsummary"
558,"0810819;""The Danish Girl (2015)"";http://www.imdb.com/title/tt0810819/plotsummary"
559,"0044741;""Ikiru (1952)"";http://www.imdb.com/title/tt0044741/plotsummary"
560,"1977647;""&quot;Weeds&quot; Vehement vs. Vigorous (TV Episode 2011)"";http://www.imdb.com/title/tt1977647/plotsummary"
561,"0120391;""24 7: Twenty Four Seven (1997)"";http://www.imdb.com/title/tt0120391/plotsummary"
562,"0177882;""Kebab Connection (2004)"";http://www.imdb.com/title/tt0177882/plotsummary"
563,"0050825;""Paths of Glory (1957)"";http://www.imdb.com/title/tt0050825/plotsummary"
564,"1979388;""The Good Dinosaur (2015)"";http://www.imdb.com/title/tt1979388/plotsummary"
565,"4040386;""Les loups (2015)"";http://www.imdb.com/title/tt4040386/plotsummary"
566,"0347149;""Howl's Moving Castle (2004)"";http://www.imdb.com/title/tt0347149/plotsummary"
567,"0078788;""Apocalypse Now (1979)"";http://www.imdb.com/title/tt0078788/plotsummary"
568,"0095016;""Die Hard (1988)"";http://www.imdb.com/title/tt0095016/plotsummary"
569,"0983213;""5 Centimeters Per Second (2007)"";http://www.imdb.com/title/tt0983213/plotsummary"
570,"0057012;""Dr. Strangelove or: How I Learned to Stop Worrying and Love the Bomb (1964)"";http://www.imdb.com/title/tt0057012/plotsummary"
571,"0118694;""In the Mood for Love (2000)"";http://www.imdb.com/title/tt0118694/plotsummary"
572,"0039631;""Monsieur Verdoux (1947)"";http://www.imdb.com/title/tt0039631/plotsummary"
573,"0031455;""The Hunchback of Notre Dame (1939)"";http://www.imdb.com/title/tt0031455/plotsummary"
574,"0082971;""Raiders of the Lost Ark (1981)"";http://www.imdb.com/title/tt0082971/plotsummary"
575,"0272338;""Punch-Drunk Love (2002)"";http://www.imdb.com/title/tt0272338/plotsummary"
576,"0053198;""The 400 Blows (1959)"";http://www.imdb.com/title/tt0053198/plotsummary"
577,"0082340;""Escape from New York (1981)"";http://www.imdb.com/title/tt0082340/plotsummary"
578,"0405159;""Million Dollar Baby (2004)"";http://www.imdb.com/title/tt0405159/plotsummary"
579,"1164999;""Biutiful (2010)"";http://www.imdb.com/title/tt1164999/plotsummary"
580,"1170393;""Tambourine (2008)"";http://www.imdb.com/title/tt1170393/plotsummary"
581,"2660294;""Candlestick (2014)"";http://www.imdb.com/title/tt2660294/plotsummary"
582,"1010048;""Slumdog Millionaire (2008)"";http://www.imdb.com/title/tt1010048/plotsummary"
583,"0378194;""Kill Bill: Vol. 2 (2004)"";http://www.imdb.com/title/tt0378194/plotsummary"
584,"0064115;""Butch Cassidy and the Sundance Kid (1969)"";http://www.imdb.com/title/tt0064115/plotsummary"
585,"0192952;""AFI's 100 Years... 100 Movies: America's Greatest Movies (1998)"";http://www.imdb.com/title/tt0192952/plotsummary"
586,"0022835;""Dr. Jekyll and Mr. Hyde (1931)"";http://www.imdb.com/title/tt0022835/plotsummary"
587,"3071610;""Count It Down: Funniest Movies of All Time (TV Movie 2013)"";http://www.imdb.com/title/tt3071610/plotsummary"
588,"2082197;""Barfi! (2012)"";http://www.imdb.com/title/tt2082197/plotsummary"
589,"0086879;""Amadeus (1984)"";http://www.imdb.com/title/tt0086879/plotsummary"
590,"1470171;""Abandoned (Video 2010)"";http://www.imdb.com/title/tt1470171/plotsummary"
591,"1139800;""The Girl from Monaco (2008)"";http://www.imdb.com/title/tt1139800/plotsummary"
592,"0090775;""The Brotherhood of Justice (TV Movie 1986)"";http://www.imdb.com/title/tt0090775/plotsummary"
593,"0054389;""Shoot the Pianist (1960)"";http://www.imdb.com/title/tt0054389/plotsummary"
594,"0099088;""Back to the Future Part III (1990)"";http://www.imdb.com/title/tt0099088/plotsummary"
595,"2015381;""Guardians of the Galaxy (2014)"";http://www.imdb.com/title/tt2015381/plotsummary"
596,"1392190;""Mad Max: Fury Road (2015)"";http://www.imdb.com/title/tt1392190/plotsummary"
597,"0114787;""Underground (1995)"";http://www.imdb.com/title/tt0114787/plotsummary"
598,"0010323;""The Cabinet of Dr. Caligari (1920)"";http://www.imdb.com/title/tt0010323/plotsummary"
599,"0091065;""Flying (1986)"";http://www.imdb.com/title/tt0091065/plotsummary"
600,"3460252;""The Hateful Eight (2015)"";http://www.imdb.com/title/tt3460252/plotsummary"
601,"0355538;""Hollywood: The Gift of Laughter (TV Movie 1982)"";http://www.imdb.com/title/tt0355538/plotsummary"
602,"4386262;""&quot;Late Night with Seth Meyers&quot; Wanda Sykes/Angie Harmon/Two Gallants (TV Episode 2015)"";http://www.imdb.com/title/tt4386262/plotsummary"
603,"0093779;""The Princess Bride (1987)"";http://www.imdb.com/title/tt0093779/plotsummary"
604,"0023385;""Red-Headed Woman (1932)"";http://www.imdb.com/title/tt0023385/plotsummary"
605,"0067306;""King Lear (1971)"";http://www.imdb.com/title/tt0067306/plotsummary"
606,"3056222;""&quot;Stars of the Silver Screen&quot; Clark Gable (TV Episode 2011)"";http://www.imdb.com/title/tt3056222/plotsummary"
607,"0831020;""&quot;CSI: Crime Scene Investigation&quot; Toe Tags (TV Episode 2006)"";http://www.imdb.com/title/tt0831020/plotsummary"
608,"0035942;""Girl Crazy (1943)"";http://www.imdb.com/title/tt0035942/plotsummary"
609,"0096283;""My Neighbor Totoro (1988)"";http://www.imdb.com/title/tt0096283/plotsummary"
610,"1895587;""Spotlight (2015)"";http://www.imdb.com/title/tt1895587/plotsummary"
611,"0115644;""Bed of Roses (1996)"";http://www.imdb.com/title/tt0115644/plotsummary"
612,"2278388;""The Grand Budapest Hotel (2014)"";http://www.imdb.com/title/tt2278388/plotsummary"
613,"0026393;""'G' Men (1935)"";http://www.imdb.com/title/tt0026393/plotsummary"
614,"0080684;""Star Wars: Episode V - The Empire Strikes Back (1980)"";http://www.imdb.com/title/tt0080684/plotsummary"
615,"2517658;""The Canal (2014)"";http://www.imdb.com/title/tt2517658/plotsummary"
616,"2112281;""Tangled Ever After (2012)"";http://www.imdb.com/title/tt2112281/plotsummary"
617,"0910970;""WALL·E (2008)"";http://www.imdb.com/title/tt0910970/plotsummary"
618,"0054997;""The Hustler (1961)"";http://www.imdb.com/title/tt0054997/plotsummary"
619,"0166375;""The Taylor Predicament (1998)"";http://www.imdb.com/title/tt0166375/plotsummary"
620,"0848228;""The Avengers (2012)"";http://www.imdb.com/title/tt0848228/plotsummary"
621,"0116922;""Lost Highway (1997)"";http://www.imdb.com/title/tt0116922/plotsummary"
622,"0099423;""Die Hard 2 (1990)"";http://www.imdb.com/title/tt0099423/plotsummary"
623,"0366635;""One Hand Can't Clap (2003)"";http://www.imdb.com/title/tt0366635/plotsummary"
624,"3804350;""King Lear (2015)"";http://www.imdb.com/title/tt3804350/plotsummary"
625,"0049314;""High Society (1956)"";http://www.imdb.com/title/tt0049314/plotsummary"
626,"1706450;""The Kingdom of Solomon (2010)"";http://www.imdb.com/title/tt1706450/plotsummary"
627,"0418460;""Aitraaz (2004)"";http://www.imdb.com/title/tt0418460/plotsummary"
628,"3560084;""NCIS: New Orleans (TV Series 2014– )"";http://www.imdb.com/title/tt3560084/plotsummary"
629,"0068816;""Lone Wolf and Cub: Baby Cart at the River Styx (1972)"";http://www.imdb.com/title/tt0068816/plotsummary"
630,"0167404;""The Sixth Sense (1999)"";http://www.imdb.com/title/tt0167404/plotsummary"
631,"0459242;""Crossing the Bridge: The Sound of Istanbul (2005)"";http://www.imdb.com/title/tt0459242/plotsummary"
632,"0053987;""The Steamroller and the Violin (1961)"";http://www.imdb.com/title/tt0053987/plotsummary"
633,"2576852;""The Tale of the Princess Kaguya (2013)"";http://www.imdb.com/title/tt2576852/plotsummary"
634,"0095488;""The Lair of the White Worm (1988)"";http://www.imdb.com/title/tt0095488/plotsummary"
635,"0128292;""Buttoners (1997)"";http://www.imdb.com/title/tt0128292/plotsummary"
636,"0095853;""Permanent Record (1988)"";http://www.imdb.com/title/tt0095853/plotsummary"
637,"0582568;""&quot;Frasier&quot; Three Days of the Condo (TV Episode 1997)"";http://www.imdb.com/title/tt0582568/plotsummary"
638,"0184316;""There Once Was a King... (1955)"";http://www.imdb.com/title/tt0184316/plotsummary"
639,"0109686;""Dumb & Dumber (1994)"";http://www.imdb.com/title/tt0109686/plotsummary"
640,"0088445;""Zappa (1983)"";http://www.imdb.com/title/tt0088445/plotsummary"
641,"1533395;""Life (TV Mini-Series 2009)"";http://www.imdb.com/title/tt1533395/plotsummary"
642,"1194238;""Polytechnique (2009)"";http://www.imdb.com/title/tt1194238/plotsummary"
643,"0023876;""Cavalcade (1933)"";http://www.imdb.com/title/tt0023876/plotsummary"
644,"0273719;""Shake It (2001)"";http://www.imdb.com/title/tt0273719/plotsummary"
645,"0441748;""Cyxork 7 (2006)"";http://www.imdb.com/title/tt0441748/plotsummary"
646,"0088247;""The Terminator (1984)"";http://www.imdb.com/title/tt0088247/plotsummary"
647,"4017092;""Al Murray's Great British War Movies (TV Movie 2014)"";http://www.imdb.com/title/tt4017092/plotsummary"
648,"1187043;""3 Idiots (2009)"";http://www.imdb.com/title/tt1187043/plotsummary"
649,"0095765;""Cinema Paradiso (1988)"";http://www.imdb.com/title/tt0095765/plotsummary"
650,"0095675;""Women on the Verge of a Nervous Breakdown (1988)"";http://www.imdb.com/title/tt0095675/plotsummary"
651,"1156640;""&quot;American Dad!&quot; The Most Adequate Christmas Ever (TV Episode 2007)"";http://www.imdb.com/title/tt1156640/plotsummary"
652,"0211319;""Cousin (1999)"";http://www.imdb.com/title/tt0211319/plotsummary"
653,"0108052;""Schindler's List (1993)"";http://www.imdb.com/title/tt0108052/plotsummary"
654,"1987018;""A Happy Event (2011)"";http://www.imdb.com/title/tt1987018/plotsummary"
655,"0288408;""AFI's 100 Years... 100 Thrills: America's Most Heart-Pounding Movies (2001)"";http://www.imdb.com/title/tt0288408/plotsummary"
656,"1255891;""Next Floor (2008)"";http://www.imdb.com/title/tt1255891/plotsummary"
657,"0017925;""The General (1926)"";http://www.imdb.com/title/tt0017925/plotsummary"
658,"2209418;""Before Midnight (2013)"";http://www.imdb.com/title/tt2209418/plotsummary"
659,"0070666;""Serpico (1973)"";http://www.imdb.com/title/tt0070666/plotsummary"
660,"2267998;""Gone Girl (2014)"";http://www.imdb.com/title/tt2267998/plotsummary"
661,"4834516;""&quot;Renegade Cut&quot; Bicycle Thieves (TV Episode 2015)"";http://www.imdb.com/title/tt4834516/plotsummary"
662,"0208035;""Certain Guys (2000)"";http://www.imdb.com/title/tt0208035/plotsummary"
663,"0103064;""Terminator 2: Judgment Day (1991)"";http://www.imdb.com/title/tt0103064/plotsummary"
664,"0126423;""Pete's Meteor (1998)"";http://www.imdb.com/title/tt0126423/plotsummary"
665,"0055499;""Through a Glass Darkly (1961)"";http://www.imdb.com/title/tt0055499/plotsummary"
666,"0208092;""Snatch. (2000)"";http://www.imdb.com/title/tt0208092/plotsummary"
667,"1954263;""Battlefield 3 (Video Game 2011)"";http://www.imdb.com/title/tt1954263/plotsummary"
668,"0053935;""Ice Cold in Alex (1958)"";http://www.imdb.com/title/tt0053935/plotsummary"
669,"0246692;""Old Men in New Cars: In China They Eat Dogs II (2002)"";http://www.imdb.com/title/tt0246692/plotsummary"
670,"0119429;""Julian Po (1997)"";http://www.imdb.com/title/tt0119429/plotsummary"
671,"0018455;""Sunrise (1927)"";http://www.imdb.com/title/tt0018455/plotsummary"
672,"0103030;""High Heels (1991)"";http://www.imdb.com/title/tt0103030/plotsummary"
673,"0051365;""The Magician (1958)"";http://www.imdb.com/title/tt0051365/plotsummary"
674,"0121766;""Star Wars: Episode III - Revenge of the Sith (2005)"";http://www.imdb.com/title/tt0121766/plotsummary"
675,"0073812;""Tommy (1975)"";http://www.imdb.com/title/tt0073812/plotsummary"
676,"0398286;""Tangled (2010)"";http://www.imdb.com/title/tt0398286/plotsummary"
677,"0114746;""Twelve Monkeys (1995)"";http://www.imdb.com/title/tt0114746/plotsummary"
678,"0120623;""A Bug's Life (1998)"";http://www.imdb.com/title/tt0120623/plotsummary"
679,"0367110;""Swades (2004)"";http://www.imdb.com/title/tt0367110/plotsummary"
680,"0034583;""Casablanca (1942)"";http://www.imdb.com/title/tt0034583/plotsummary"
681,"0436374;""The Uninvited Guest (2004)"";http://www.imdb.com/title/tt0436374/plotsummary"
682,"0019254;""The Passion of Joan of Arc (1928)"";http://www.imdb.com/title/tt0019254/plotsummary"
683,"0762956;""&quot;ReBoot&quot; The Tearing (TV Episode 1994)"";http://www.imdb.com/title/tt0762956/plotsummary"
684,"0057611;""The Silence (1963)"";http://www.imdb.com/title/tt0057611/plotsummary"
685,"0036775;""Double Indemnity (1944)"";http://www.imdb.com/title/tt0036775/plotsummary"
686,"1877832;""X-Men: Days of Future Past (2014)"";http://www.imdb.com/title/tt1877832/plotsummary"
687,"0419058;""Phir Hera Pheri (2006)"";http://www.imdb.com/title/tt0419058/plotsummary"
688,"0038355;""The Big Sleep (1946)"";http://www.imdb.com/title/tt0038355/plotsummary"
689,"0470752;""Ex Machina (2015)"";http://www.imdb.com/title/tt0470752/plotsummary"
690,"0047296;""On the Waterfront (1954)"";http://www.imdb.com/title/tt0047296/plotsummary"
691,"0315733;""21 Grams (2003)"";http://www.imdb.com/title/tt0315733/plotsummary"
692,"3011894;""Wild Tales (2014)"";http://www.imdb.com/title/tt3011894/plotsummary"
693,"1375666;""Inception (2010)"";http://www.imdb.com/title/tt1375666/plotsummary"
694,"0169102;""Lagaan: Once Upon a Time in India (2001)"";http://www.imdb.com/title/tt0169102/plotsummary"
695,"0091860;""River's Edge (1986)"";http://www.imdb.com/title/tt0091860/plotsummary"
696,"0030108;""Everybody Sing (1938)"";http://www.imdb.com/title/tt0030108/plotsummary"
697,"0085583;""Un genio en apuros (1983)"";http://www.imdb.com/title/tt0085583/plotsummary"
698,"0074958;""Network (1976)"";http://www.imdb.com/title/tt0074958/plotsummary"
699,"4921710;""&quot;Most Craved&quot; Deadpool Trailer, Fantastic Four, Prometheus 2 (TV Episode 2015)"";http://www.imdb.com/title/tt4921710/plotsummary"
700,"1360860;""About Elly (2009)"";http://www.imdb.com/title/tt1360860/plotsummary"
701,"0252489;""The Chaos Class Is on Vacation (1978)"";http://www.imdb.com/title/tt0252489/plotsummary"
702,"0032551;""The Grapes of Wrath (1940)"";http://www.imdb.com/title/tt0032551/plotsummary"
703,"0092272;""Youngblood (1986)"";http://www.imdb.com/title/tt0092272/plotsummary"
704,"2245084;""Big Hero 6 (2014)"";http://www.imdb.com/title/tt2245084/plotsummary"
705,"0108162;""Sliver (1993)"";http://www.imdb.com/title/tt0108162/plotsummary"
706,"3323596;""&quot;Stars of the Silver Screen&quot; Henry Fonda (TV Episode 2013)"";http://www.imdb.com/title/tt3323596/plotsummary"
707,"0083203;""Time for Revenge (1981)"";http://www.imdb.com/title/tt0083203/plotsummary"
708,"0089881;""Ran (1985)"";http://www.imdb.com/title/tt0089881/plotsummary"
709,"2080374;""Steve Jobs (2015)"";http://www.imdb.com/title/tt2080374/plotsummary"
710,"0054177;""Le Petit Soldat (1963)"";http://www.imdb.com/title/tt0054177/plotsummary"
711,"0350945;""Fluffy Cumsalot, Porn Star (2003)"";http://www.imdb.com/title/tt0350945/plotsummary"
712,"0092122;""Twisted (1986)"";http://www.imdb.com/title/tt0092122/plotsummary"
713,"0397619;""Samaritan Girl (2004)"";http://www.imdb.com/title/tt0397619/plotsummary"
714,"0405508;""Rang De Basanti (2006)"";http://www.imdb.com/title/tt0405508/plotsummary"
715,"0831888;""Tekkonkinkreet (2006)"";http://www.imdb.com/title/tt0831888/plotsummary"
716,"0097626;""Johnny Handsome (1989)"";http://www.imdb.com/title/tt0097626/plotsummary"
717,"0085905;""Marlene (1984)"";http://www.imdb.com/title/tt0085905/plotsummary"
718,"5308752;""&quot;Late Night with Seth Meyers&quot; Christian Slater/Retta/Sam Hunt/Matt Sorum (TV Episode 2016)"";http://www.imdb.com/title/tt5308752/plotsummary"
719,"1033498;""Selected Shorts #5: Comedy Shorts (Video 2007)"";http://www.imdb.com/title/tt1033498/plotsummary"
720,"0064116;""Once Upon a Time in the West (1968)"";http://www.imdb.com/title/tt0064116/plotsummary"
721,"2084970;""The Imitation Game (2014)"";http://www.imdb.com/title/tt2084970/plotsummary"
722,"1245339;""&quot;Terminator: The Sarah Connor Chronicles&quot; Mr. Ferguson Is Ill Today (TV Episode 2008)"";http://www.imdb.com/title/tt1245339/plotsummary"
723,"0074486;""Eraserhead (1977)"";http://www.imdb.com/title/tt0074486/plotsummary"
724,"0495596;""Tales from Earthsea (2006)"";http://www.imdb.com/title/tt0495596/plotsummary"
725,"0269746;""What Time Is It There? (2001)"";http://www.imdb.com/title/tt0269746/plotsummary"
726,"0374887;""Munna Bhai M.B.B.S. (2003)"";http://www.imdb.com/title/tt0374887/plotsummary"
727,"0038032;""Road to Utopia (1945)"";http://www.imdb.com/title/tt0038032/plotsummary"
728,"0588160;""&quot;Gilmore Girls&quot; Let Me Hear Your Balalaikas Ringing Out (TV Episode 2005)"";http://www.imdb.com/title/tt0588160/plotsummary"
729,"2433380;""&quot;Castle&quot; The Final Frontier (TV Episode 2012)"";http://www.imdb.com/title/tt2433380/plotsummary"
730,"0118177;""Wiseguy (TV Movie 1996)"";http://www.imdb.com/title/tt0118177/plotsummary"
731,"0015648;""Battleship Potemkin (1925)"";http://www.imdb.com/title/tt0015648/plotsummary"
732,"0111495;""Three Colors: Red (1994)"";http://www.imdb.com/title/tt0111495/plotsummary"
733,"1170358;""The Hobbit: The Desolation of Smaug (2013)"";http://www.imdb.com/title/tt1170358/plotsummary"
734,"0105764;""Visions of Light (1992)"";http://www.imdb.com/title/tt0105764/plotsummary"
735,"3659388;""The Martian (2015)"";http://www.imdb.com/title/tt3659388/plotsummary"
736,"0048028;""East of Eden (1955)"";http://www.imdb.com/title/tt0048028/plotsummary"
737,"0387056;""The Beast Within: The Making of 'Alien' (Video 2003)"";http://www.imdb.com/title/tt0387056/plotsummary"
738,"0073014;""The Far Side of Paradise (1976)"";http://www.imdb.com/title/tt0073014/plotsummary"
739,"0053946;""Inherit the Wind (1960)"";http://www.imdb.com/title/tt0053946/plotsummary"
740,"0053976;""The Virgin Spring (1960)"";http://www.imdb.com/title/tt0053976/plotsummary"
741,"0192071;""Get Over It (2001)"";http://www.imdb.com/title/tt0192071/plotsummary"
742,"1683263;""&quot;NCIS&quot; Baltimore (TV Episode 2011)"";http://www.imdb.com/title/tt1683263/plotsummary"
743,"0107096;""Heaven & Earth (1993)"";http://www.imdb.com/title/tt0107096/plotsummary"
744,"0084787;""The Thing (1982)"";http://www.imdb.com/title/tt0084787/plotsummary"
745,"0371746;""Iron Man (2008)"";http://www.imdb.com/title/tt0371746/plotsummary"
746,"0247586;""Nine Queens (2000)"";http://www.imdb.com/title/tt0247586/plotsummary"
747,"0287467;""Talk to Her (2002)"";http://www.imdb.com/title/tt0287467/plotsummary"
748,"0115322;""Profiler (TV Series 1996–2000)"";http://www.imdb.com/title/tt0115322/plotsummary"
749,"0499549;""Avatar (2009)"";http://www.imdb.com/title/tt0499549/plotsummary"
750,"0099674;""The Godfather: Part III (1990)"";http://www.imdb.com/title/tt0099674/plotsummary"
751,"0073195;""Jaws (1975)"";http://www.imdb.com/title/tt0073195/plotsummary"
752,"0050083;""12 Angry Men (1957)"";http://www.imdb.com/title/tt0050083/plotsummary"
753,"0143428;""Lone Wolf and Cub: Baby Cart in the Land of Demons (1973)"";http://www.imdb.com/title/tt0143428/plotsummary"
754,"0483719;""The Living and the Dead (2006)"";http://www.imdb.com/title/tt0483719/plotsummary"
755,"0087803;""Nineteen Eighty-Four (1984)"";http://www.imdb.com/title/tt0087803/plotsummary"
756,"0074849;""Man Friday (1975)"";http://www.imdb.com/title/tt0074849/plotsummary"
757,"0266222;""The 72nd Annual Academy Awards (2000)"";http://www.imdb.com/title/tt0266222/plotsummary"
758,"1371630;""Air Doll (2009)"";http://www.imdb.com/title/tt1371630/plotsummary"
759,"1153546;""BloodRayne: The Third Reich (2011)"";http://www.imdb.com/title/tt1153546/plotsummary"
760,"0234215;""The Matrix Reloaded (2003)"";http://www.imdb.com/title/tt0234215/plotsummary"
761,"2980516;""The Theory of Everything (2014)"";http://www.imdb.com/title/tt2980516/plotsummary"
762,"1725593;""&quot;The Office&quot; The Sting (TV Episode 2010)"";http://www.imdb.com/title/tt1725593/plotsummary"
763,"0655442;""&quot;Mystery Science Theater 3000&quot; Racket Girls (TV Episode 1994)"";http://www.imdb.com/title/tt0655442/plotsummary"
764,"0160182;""Desperate But Not Serious (2000)"";http://www.imdb.com/title/tt0160182/plotsummary"
765,"3561828;""Diablo III: Reaper of Souls (Video Game 2014)"";http://www.imdb.com/title/tt3561828/plotsummary"
766,"0255111;""Dhadkan (2000)"";http://www.imdb.com/title/tt0255111/plotsummary"
767,"0374546;""Spring, Summer, Fall, Winter... and Spring (2003)"";http://www.imdb.com/title/tt0374546/plotsummary"
768,"0087843;""Once Upon a Time in America (1984)"";http://www.imdb.com/title/tt0087843/plotsummary"
769,"2024544;""12 Years a Slave (2013)"";http://www.imdb.com/title/tt2024544/plotsummary"
770,"2382298;""Life Itself (2014)"";http://www.imdb.com/title/tt2382298/plotsummary"
771,"1273222;""These Amazing Shadows (2011)"";http://www.imdb.com/title/tt1273222/plotsummary"
772,"0064793;""The Passion of Anna (1969)"";http://www.imdb.com/title/tt0064793/plotsummary"
773,"1596363;""The Big Short (2015)"";http://www.imdb.com/title/tt1596363/plotsummary"
774,"0041959;""The Third Man (1949)"";http://www.imdb.com/title/tt0041959/plotsummary"
775,"0120696;""Hard Rain (1998)"";http://www.imdb.com/title/tt0120696/plotsummary"
776,"0167260;""The Lord of the Rings: The Return of the King (2003)"";http://www.imdb.com/title/tt0167260/plotsummary"
777,"0031500;""It's a Wonderful World (1939)"";http://www.imdb.com/title/tt0031500/plotsummary"
778,"0116282;""Fargo (1996)"";http://www.imdb.com/title/tt0116282/plotsummary"
779,"0266697;""Kill Bill: Vol. 1 (2003)"";http://www.imdb.com/title/tt0266697/plotsummary"
780,"0057590;""Tom Jones (1963)"";http://www.imdb.com/title/tt0057590/plotsummary"
781,"0034485;""Babes on Broadway (1941)"";http://www.imdb.com/title/tt0034485/plotsummary"
782,"0468569;""The Dark Knight (2008)"";http://www.imdb.com/title/tt0468569/plotsummary"
783,"0701275;""&quot;The Simpsons&quot; Three Men and a Comic Book (TV Episode 1991)"";http://www.imdb.com/title/tt0701275/plotsummary"
784,"2916510;""Miss and the Doctors (2013)"";http://www.imdb.com/title/tt2916510/plotsummary"
785,"0118889;""Cosmos (1996)"";http://www.imdb.com/title/tt0118889/plotsummary"
786,"0056443;""Sanjuro (1962)"";http://www.imdb.com/title/tt0056443/plotsummary"
787,"0052311;""Touch of Evil (1958)"";http://www.imdb.com/title/tt0052311/plotsummary"
788,"2395427;""Avengers: Age of Ultron (2015)"";http://www.imdb.com/title/tt2395427/plotsummary"
789,"0914790;""The 64th Annual Golden Globe Awards (2007)"";http://www.imdb.com/title/tt0914790/plotsummary"
790,"0022268;""Platinum Blonde (1931)"";http://www.imdb.com/title/tt0022268/plotsummary"
791,"0061135;""The Ugly Dachshund (1966)"";http://www.imdb.com/title/tt0061135/plotsummary"
792,"0425379;""I'm the Angel of Death: Pusher III (2005)"";http://www.imdb.com/title/tt0425379/plotsummary"
793,"0036872;""Going My Way (1944)"";http://www.imdb.com/title/tt0036872/plotsummary"
794,"0167331;""Cosy Dens (1999)"";http://www.imdb.com/title/tt0167331/plotsummary"
795,"0093349;""King Lear (1987)"";http://www.imdb.com/title/tt0093349/plotsummary"
796,"4881190;""&quot;French Collection&quot; Villeurbanne & Lincoln (TV Episode 2015)"";http://www.imdb.com/title/tt4881190/plotsummary"
797,"1686036;""Film Noir (2010)"";http://www.imdb.com/title/tt1686036/plotsummary"
798,"3484064;""&quot;At the Movies&quot; Summer Special 2009/10 (TV Episode 2009)"";http://www.imdb.com/title/tt3484064/plotsummary"
799,"0389153;""Medal of Honor: Pacific Assault (Video Game 2004)"";http://www.imdb.com/title/tt0389153/plotsummary"
800,"0120382;""The Truman Show (1998)"";http://www.imdb.com/title/tt0120382/plotsummary"
801,"2289526;""Going Away (2013)"";http://www.imdb.com/title/tt2289526/plotsummary"
802,"0418769;""Jimmy Neutron: Win, Lose and Kaboom (TV Movie 2004)"";http://www.imdb.com/title/tt0418769/plotsummary"
803,"0093773;""Predator (1987)"";http://www.imdb.com/title/tt0093773/plotsummary"
804,"0110357;""The Lion King (1994)"";http://www.imdb.com/title/tt0110357/plotsummary"
805,"0015324;""Sherlock Jr. (1924)"";http://www.imdb.com/title/tt0015324/plotsummary"
806,"1915446;""&quot;Nostalgia Critic&quot; Little Nemo (TV Episode 2011)"";http://www.imdb.com/title/tt1915446/plotsummary"
807,"0052218;""Some Came Running (1958)"";http://www.imdb.com/title/tt0052218/plotsummary"
808,"0028665;""Broadway Melody of 1938 (1937)"";http://www.imdb.com/title/tt0028665/plotsummary"
809,"0082096;""Das Boot (1981)"";http://www.imdb.com/title/tt0082096/plotsummary"
810,"0065651;""Bed & Board (1970)"";http://www.imdb.com/title/tt0065651/plotsummary"
811,"0079944;""Stalker (1979)"";http://www.imdb.com/title/tt0079944/plotsummary"
812,"1445683;""Great Directors (2009)"";http://www.imdb.com/title/tt1445683/plotsummary"
813,"0096029;""Salome's Last Dance (1988)"";http://www.imdb.com/title/tt0096029/plotsummary"
814,"0090756;""Blue Velvet (1986)"";http://www.imdb.com/title/tt0090756/plotsummary"
815,"0060827;""Persona (1966)"";http://www.imdb.com/title/tt0060827/plotsummary"
816,"0049653;""The Rainmaker (1956)"";http://www.imdb.com/title/tt0049653/plotsummary"
817,"0113277;""Heat (1995)"";http://www.imdb.com/title/tt0113277/plotsummary"
818,"0062480;""Weekend (1967)"";http://www.imdb.com/title/tt0062480/plotsummary"
819,"0099348;""Dances with Wolves (1990)"";http://www.imdb.com/title/tt0099348/plotsummary"
820,"0253614;""Saban, Son of Saban (1977)"";http://www.imdb.com/title/tt0253614/plotsummary"
821,"0187078;""Gone in Sixty Seconds (2000)"";http://www.imdb.com/title/tt0187078/plotsummary"
822,"0033832;""Life Begins for Andy Hardy (1941)"";http://www.imdb.com/title/tt0033832/plotsummary"
823,"0048641;""Smiles of a Summer Night (1955)"";http://www.imdb.com/title/tt0048641/plotsummary"
824,"0049406;""The Killing (1956)"";http://www.imdb.com/title/tt0049406/plotsummary"
825,"0292242;""Solino (2002)"";http://www.imdb.com/title/tt0292242/plotsummary"
826,"0071797;""Mahler (1974)"";http://www.imdb.com/title/tt0071797/plotsummary"
827,"0050986;""Wild Strawberries (1957)"";http://www.imdb.com/title/tt0050986/plotsummary"
828,"2404461;""The Past (2013)"";http://www.imdb.com/title/tt2404461/plotsummary"
829,"0059578;""For a Few Dollars More (1965)"";http://www.imdb.com/title/tt0059578/plotsummary"
830,"0037536;""The Bells of St. Mary's (1945)"";http://www.imdb.com/title/tt0037536/plotsummary"
831,"0080813;""The Great Rock 'n' Roll Swindle (1980)"";http://www.imdb.com/title/tt0080813/plotsummary"
832,"0049125;""Davy Crockett and the River Pirates (1956)"";http://www.imdb.com/title/tt0049125/plotsummary"
833,"0975645;""Hitchcock (2012)"";http://www.imdb.com/title/tt0975645/plotsummary"
834,"0047757;""The Mickey Mouse Club (TV Series 1955–1958)"";http://www.imdb.com/title/tt0047757/plotsummary"
835,"2328503;""As One (2012)"";http://www.imdb.com/title/tt2328503/plotsummary"
836,"0091635;""9½ Weeks (1986)"";http://www.imdb.com/title/tt0091635/plotsummary"
837,"3896260;""&quot;Honest Trailers&quot; The Wolf of Wall Street (TV Episode 2014)"";http://www.imdb.com/title/tt3896260/plotsummary"
838,"0462570;""On Probation (2005)"";http://www.imdb.com/title/tt0462570/plotsummary"
839,"0317248;""City of God (2002)"";http://www.imdb.com/title/tt0317248/plotsummary"
840,"0253621;""Sakar Sakir (1977)"";http://www.imdb.com/title/tt0253621/plotsummary"
841,"0074752;""King Lear (1976)"";http://www.imdb.com/title/tt0074752/plotsummary"
842,"0018217;""October (Ten Days that Shook the World) (1928)"";http://www.imdb.com/title/tt0018217/plotsummary"
843,"0112573;""Braveheart (1995)"";http://www.imdb.com/title/tt0112573/plotsummary"
844,"0114369;""Se7en (1995)"";http://www.imdb.com/title/tt0114369/plotsummary"
845,"0056592;""To Kill a Mockingbird (1962)"";http://www.imdb.com/title/tt0056592/plotsummary"
846,"0252591;""King of the Doormen (1976)"";http://www.imdb.com/title/tt0252591/plotsummary"
847,"0073486;""One Flew Over the Cuckoo's Nest (1975)"";http://www.imdb.com/title/tt0073486/plotsummary"
848,"0095327;""Grave of the Fireflies (1988)"";http://www.imdb.com/title/tt0095327/plotsummary"
849,"0044837;""Limelight (1952)"";http://www.imdb.com/title/tt0044837/plotsummary"
850,"1492090;""Planet Sheen (TV Series 2010– )"";http://www.imdb.com/title/tt1492090/plotsummary"
851,"0043724;""The Lady with a Lamp (1951)"";http://www.imdb.com/title/tt0043724/plotsummary"
852,"0125919;""Massage Parlor Wife (1975)"";http://www.imdb.com/title/tt0125919/plotsummary"
853,"0058946;""The Battle of Algiers (1966)"";http://www.imdb.com/title/tt0058946/plotsummary"
854,"0104774;""A Place in the World (1992)"";http://www.imdb.com/title/tt0104774/plotsummary"
855,"1210864;""&quot;American Dad!&quot; Escape from Pearl Bailey (TV Episode 2008)"";http://www.imdb.com/title/tt1210864/plotsummary"
856,"0032138;""The Wizard of Oz (1939)"";http://www.imdb.com/title/tt0032138/plotsummary"
857,"0041944;""Take Me Out to the Ball Game (1949)"";http://www.imdb.com/title/tt0041944/plotsummary"
858,"0245429;""Spirited Away (2001)"";http://www.imdb.com/title/tt0245429/plotsummary"
859,"0027113;""Tit for Tat (1935)"";http://www.imdb.com/title/tt0027113/plotsummary"
860,"0038787;""Notorious (1946)"";http://www.imdb.com/title/tt0038787/plotsummary"
861,"0066765;""And Now for Something Completely Different (1971)"";http://www.imdb.com/title/tt0066765/plotsummary"
862,"0086250;""Scarface (1983)"";http://www.imdb.com/title/tt0086250/plotsummary"
863,"0110912;""Pulp Fiction (1994)"";http://www.imdb.com/title/tt0110912/plotsummary"
864,"0019412;""Speedy (1928)"";http://www.imdb.com/title/tt0019412/plotsummary"
865,"0279362;""The Real Thing (2002)"";http://www.imdb.com/title/tt0279362/plotsummary"
866,"2253832;""&quot;Maltin on Movies&quot; The Dark Knight Rises (TV Episode 2012)"";http://www.imdb.com/title/tt2253832/plotsummary"
867,"0040506;""Key Largo (1948)"";http://www.imdb.com/title/tt0040506/plotsummary"
868,"0053604;""The Apartment (1960)"";http://www.imdb.com/title/tt0053604/plotsummary"
869,"2294629;""Frozen (2013)"";http://www.imdb.com/title/tt2294629/plotsummary"
870,"0472566;""Star Wreck: In the Pirkinning (Video 2005)"";http://www.imdb.com/title/tt0472566/plotsummary"
871,"1798188;""From Up on Poppy Hill (2011)"";http://www.imdb.com/title/tt1798188/plotsummary"
872,"0047396;""Rear Window (1954)"";http://www.imdb.com/title/tt0047396/plotsummary"
873,"0114709;""Toy Story (1995)"";http://www.imdb.com/title/tt0114709/plotsummary"
874,"3280916;""The Atticus Institute (2015)"";http://www.imdb.com/title/tt3280916/plotsummary"
875,"0120815;""Saving Private Ryan (1998)"";http://www.imdb.com/title/tt0120815/plotsummary"
876,"2597242;""At the Devil's Door (2014)"";http://www.imdb.com/title/tt2597242/plotsummary"
877,"0079470;""Life of Brian (1979)"";http://www.imdb.com/title/tt0079470/plotsummary"
878,"0046250;""Roman Holiday (1953)"";http://www.imdb.com/title/tt0046250/plotsummary"
879,"2191311;""&quot;Richard Roeper & the Movies&quot; RR's Oscar Predictions: Best Picture (TV Episode 2010)"";http://www.imdb.com/title/tt2191311/plotsummary"
880,"0385890;""My Big Fat Independent Movie (2005)"";http://www.imdb.com/title/tt0385890/plotsummary"
881,"0263206;""Christmas in South Park (Video 2000)"";http://www.imdb.com/title/tt0263206/plotsummary"
882,"0327597;""Coraline (2009)"";http://www.imdb.com/title/tt0327597/plotsummary"
883,"0072684;""Barry Lyndon (1975)"";http://www.imdb.com/title/tt0072684/plotsummary"
884,"0053472;""Breathless (1960)"";http://www.imdb.com/title/tt0053472/plotsummary"
885,"0027977;""Modern Times (1936)"";http://www.imdb.com/title/tt0027977/plotsummary"
886,"0030341;""The Lady Vanishes (1938)"";http://www.imdb.com/title/tt0030341/plotsummary"
887,"0031066;""Babes in Arms (1939)"";http://www.imdb.com/title/tt0031066/plotsummary"
888,"0045197;""The Story of Robin Hood and His Merrie Men (1952)"";http://www.imdb.com/title/tt0045197/plotsummary"
889,"0978762;""Mary and Max (2009)"";http://www.imdb.com/title/tt0978762/plotsummary"
890,"0118715;""The Big Lebowski (1998)"";http://www.imdb.com/title/tt0118715/plotsummary"
891,"1305806;""The Secret in Their Eyes (2009)"";http://www.imdb.com/title/tt1305806/plotsummary"
892,"1646971;""How to Train Your Dragon 2 (2014)"";http://www.imdb.com/title/tt1646971/plotsummary"
893,"0317219;""Cars (2006)"";http://www.imdb.com/title/tt0317219/plotsummary"
894,"0047478;""Seven Samurai (1954)"";http://www.imdb.com/title/tt0047478/plotsummary"
895,"0407887;""The Departed (2006)"";http://www.imdb.com/title/tt0407887/plotsummary"
896,"0425388;""Ramones Raw (2004)"";http://www.imdb.com/title/tt0425388/plotsummary"
897,"2207072;""Eyjafjallajökull (2013)"";http://www.imdb.com/title/tt2207072/plotsummary"
898,"1172570;""Bronson (2008)"";http://www.imdb.com/title/tt1172570/plotsummary"
899,"4838176;""&quot;Half in the Bag&quot; Terminator Genisys (TV Episode 2015)"";http://www.imdb.com/title/tt4838176/plotsummary"
900,"0202559;""A Room for Romeo Brass (1999)"";http://www.imdb.com/title/tt0202559/plotsummary"
901,"0092005;""Stand by Me (1986)"";http://www.imdb.com/title/tt0092005/plotsummary"
902,"0076759;""Star Wars: Episode IV - A New Hope (1977)"";http://www.imdb.com/title/tt0076759/plotsummary"
903,"1928501;""&quot;Special Collector's Edition&quot; El pacto de Berlín (TV Episode 2011)"";http://www.imdb.com/title/tt1928501/plotsummary"
904,"1025011;""AFI's 100 Years... 100 Movies: 10th Anniversary Edition (TV Movie 2007)"";http://www.imdb.com/title/tt1025011/plotsummary"
905,"1529235;""Welcome to the South (2010)"";http://www.imdb.com/title/tt1529235/plotsummary"
906,"0070735;""The Sting (1973)"";http://www.imdb.com/title/tt0070735/plotsummary"
907,"1110251;""Every Pixel Tells a Story (2002)"";http://www.imdb.com/title/tt1110251/plotsummary"
908,"0815467;""Munich: The International Cast (Video 2006)"";http://www.imdb.com/title/tt0815467/plotsummary"
909,"1366328;""The Orange British Academy Film Awards (2009)"";http://www.imdb.com/title/tt1366328/plotsummary"
910,"0095953;""Rain Man (1988)"";http://www.imdb.com/title/tt0095953/plotsummary"
911,"0058888;""Red Beard (1965)"";http://www.imdb.com/title/tt0058888/plotsummary"
912,"0106949;""Det forsømte forår (1993)"";http://www.imdb.com/title/tt0106949/plotsummary"
913,"0452643;""Love and Other Disasters (2006)"";http://www.imdb.com/title/tt0452643/plotsummary"
914,"0096639;""Lonesome Dove (TV Mini-Series 1989)"";http://www.imdb.com/title/tt0096639/plotsummary"
915,"0033870;""The Maltese Falcon (1941)"";http://www.imdb.com/title/tt0033870/plotsummary"
916,"0121765;""Star Wars: Episode II - Attack of the Clones (2002)"";http://www.imdb.com/title/tt0121765/plotsummary"
917,"2267968;""Kung Fu Panda 3 (2016)"";http://www.imdb.com/title/tt2267968/plotsummary"
918,"0117668;""Small Time (1996)"";http://www.imdb.com/title/tt0117668/plotsummary"
919,"0078723;""1941 (1979)"";http://www.imdb.com/title/tt0078723/plotsummary"
920,"0091785;""Pouvoir intime (1986)"";http://www.imdb.com/title/tt0091785/plotsummary"
921,"2562232;""Birdman or (The Unexpected Virtue of Ignorance) (2014)"";http://www.imdb.com/title/tt2562232/plotsummary"
922,"0157075;""The Suburbans (1999)"";http://www.imdb.com/title/tt0157075/plotsummary"
923,"0119038;""The Dinner Game (1998)"";http://www.imdb.com/title/tt0119038/plotsummary"
924,"0483703;""So Close, So Far (2005)"";http://www.imdb.com/title/tt0483703/plotsummary"
925,"0338013;""Eternal Sunshine of the Spotless Mind (2004)"";http://www.imdb.com/title/tt0338013/plotsummary"
926,"0053994;""Kidnapped (1960)"";http://www.imdb.com/title/tt0053994/plotsummary"
927,"0050569;""The Joker Is Wild (1957)"";http://www.imdb.com/title/tt0050569/plotsummary"
928,"0681198;""&quot;Quark&quot; Vanessa 38-24-36 (TV Episode 1978)"";http://www.imdb.com/title/tt0681198/plotsummary"
929,"0020094;""Liberty (1929)"";http://www.imdb.com/title/tt0020094/plotsummary"
930,"0045152;""Singin' in the Rain (1952)"";http://www.imdb.com/title/tt0045152/plotsummary"
931,"0441773;""Kung Fu Panda (2008)"";http://www.imdb.com/title/tt0441773/plotsummary"
932,"4844494;""&quot;The Paul Behragam Talk Show&quot; Plans for Balto 4 & 5 Part 2 (TV Episode 2015)"";http://www.imdb.com/title/tt4844494/plotsummary"
933,"0087469;""Indiana Jones and the Temple of Doom (1984)"";http://www.imdb.com/title/tt0087469/plotsummary"
