0210843,El mismo amor, la misma lluvia (1999),
0133093,The Matrix (1999),
0031381,Gone with the Wind (1939),
0024216,King Kong (1933),
0088763,Back to the Future (1985),
0253828,Tosun Pasa (1976),
2582802,Whiplash (2014),
0109830,Forrest Gump (1994),
0043041,Three Came Home (1950),
0059114,Blood for a Silver Dollar (1965),
1843866,Captain America: The Winter Soldier (2014),
0105665,Twin Peaks: Fire Walk with Me (1992),
0038916,The Secret Heart (1946),
0162480,Mr. & Mrs. Khiladi (1997),
1201607,Harry Potter and the Deathly Hallows: Part 2 (2011),
0405094,The Lives of Others (2006),
0026029,The 39 Steps (1935),
0046911,Diabolique (1955),
2262726,The Tonight Show with Jay Leno` Episode #20.184 (TV Episode 2012),
0876563,Ponyo (2008),
0039110,Without Reservations (1946),
0084208,King Lear (TV Movie 1982),
0335266,Lost in Translation (2003),
0032558,Green Hell (1940),
0021079,Little Caesar (1931),
1027878,20 to 1, 50 to 01: Great Movie One Liners (TV Episode 2007),
0766129,Futurama` A Bicyclops Built for Two (TV Episode 2000),
1662472,Who Wants to Be a Millionaire` Episode #8.160 (TV Episode 2010),
0268978,A Beautiful Mind (2001),
1049413,Up (2009),
2273361,Leave Me Like You Found Me (2012),
2352148,The Real Housewives of New York City` Slutty Island (TV Episode 2012),
0396743,Muhammad: Legacy of a Prophet (2002),
0093058,Full Metal Jacket (1987),
0100935,Wild at Heart (1990),
0028691,Captains Courageous (1937),
3863552,Bajrangi Bhaijaan (2015),
0024264,Little Women (1933),
0808417,Persepolis (2007),
0049829,Tea and Sympathy (1956),
0120723,Kissing a Fool (1998),
0113083,The Flower of My Secret (1995),
4966952,Fried` Carlos from Spain (TV Episode 2015),
2096673,Inside Out (2015),
3397884,Sicario (2015),
0049470,The Man Who Knew Too Much (1956),
0032638,Irene (1940),
0317676,House of the Dead (2003),
0118583,Alien: Resurrection (1997),
0069599,Kojak (TV Series 1973–1978),
0037884,The Lost Weekend (1945),
0353969,Memories of Murder (2003),
1054487,Futurama: Into the Wild Green Yonder (Video 2009),
4066098,The Tonight Show Starring Jimmy Fallon` Tyler Perry/Miles Teller/Lucinda Williams (TV Episode 2014),
0075314,Taxi Driver (1976),
0086551,Confidentially Yours (1983),
2402927,Carol (2015),
0042876,Rashomon (1950),
1063111,Small Town Saturday Night (2010),
0094761,The Blob (1988),
0057358,Winter Light (1963),
0029395,Personal Property (1937),
0097574,Up to Date (1989),
0114738,Truman (TV Movie 1995),
1345836,The Dark Knight Rises (2012),
0329330,Common Ground (2002),
0022153,The Miracle Woman (1931),
0090605,Aliens (1986),
0086759,Miami Vice (TV Series 1984–1990),
0018037,The Jazz Singer (1927),
0302691,King Lear (1999),
2013293,The Wind Rises (2013),
0264464,Catch Me If You Can (2002),
0050212,The Bridge on the River Kwai (1957),
0442655,The Big Fat Quiz of the Year (TV Movie 2004),
0253474,The Pianist (2002),
0266543,Finding Nemo (2003),
0056663,Vivre Sa Vie (1962),
0107315,Kika (1993),
1539948,Who Wants to Be a Millionaire` Episode #8.37 (TV Episode 2009),
0382932,Ratatouille (2007),
0320042,Kamchatka (2002),
0110917,A Pure Formality (1994),
1853614,A Letter to Momo (2011),
0032553,The Great Dictator (1940),
0031679,Mr. Smith Goes to Washington (1939),
3141396,Chelsea Lately` Episode #7.134 (TV Episode 2013),
0033110,Strike Up the Band (1940),
0052561,Anatomy of a Murder (1959),
0048424,The Night of the Hunter (1955),
0706388,Spaced` Dissolution (TV Episode 2001),
0234853,The Tao of Steve (2000),
0058265,Kiss Me, Stupid (1964),
0067458,Murphy's War (1971),
0434409,V for Vendetta (2005),
2768348,Cyndi Lauper: Still So Unusual` Ms. Lauper Goes to Washington (TV Episode 2013),
0443604,Paradise` Texas (2005),
0056193,Lolita (1962),
0068646,The Godfather (1972),
0055031,Judgment at Nuremberg (1961),
0236216,The Filth and the Fury (2000),
1130884,Shutter Island (2010),
0169547,American Beauty (1999),
0057357,El Naser Salah el Dine (1963),
0103760,Baduk (1992),
0363163,Downfall (2004),
0116851,Leila (1997),
0040979,Drunken Angel (1948),
0424434,Beautiful City (2004),
1621800,How to Train Your Dragon (Video Game 2010),
0061747,Hang 'Em High (1968),
1228816,Greek` No Campus for Old Rules (TV Episode 2008),
1937149,The Body (2012),
0090728,Big Trouble in Little China (1986),
0177858,In July (2000),
2063241,Farouk Omar (TV Series 2012– ),
1541775,The 82nd Annual Academy Awards (2010),
0118799,Life Is Beautiful (1997),
0291337,Max Payne (Video Game 2001),
0033467,Citizen Kane (1941),
0056869,The Birds (1963),
3803820,Pri Para (TV Series 2014– ),
0081505,The Shining (1980),
0048728,To Catch a Thief (1955),
0997246,The Song of Sparrows (2008),
2645000,A Life in Dirty Movies (2013),
0053291,Some Like It Hot (1959),
1833673,Dhoom:3 (2013),
0044081,A Streetcar Named Desire (1951),
0007145,One A.M. (1916),
0075148,Rocky (1976),
0102005,Harley Davidson and the Marlboro Man (1991),
0469494,There Will Be Blood (2007),
0066989,Two English Girls (1971),
2126154,This Is England '88 (TV Mini-Series 2011),
0252361,Davaro: Son Eskiya (1981),
1924396,The Best Offer (2013),
0072890,Dog Day Afternoon (1975),
0449467,Babel (2006),
2709670,The Tonight Show with Jay Leno` Episode #21.101 (TV Episode 2013),
0077711,Autumn Sonata (1978),
0066206,Patton (1970),
2914030,Movie Friends: Prashant Prabhakar (2013),
0059742,The Sound of Music (1965),
0079766,Quadrophenia (1979),
0120689,The Green Mile (1999),
0082111,Buddy Buddy (1981),
0070854,Under Milk Wood (1972),
1392214,Prisoners (2013),
0107207,In the Name of the Father (1993),
0082247,Death Hunt (1981),
4469496,Fantasmes! Sexe, fiction et tentations (TV Movie 2013),
0253997,The King of the Street Cleaners (1977),
0167261,The Lord of the Rings: The Two Towers (2002),
0060124,Man from Nowhere (1966),
2606112,The Devil Incarnate (2013),
0052618,Ben-Hur (1959),
0758758,Into the Wild (2007),
0040897,The Treasure of the Sierra Madre (1948),
0294413,Buck Naked Arson (2001),
0462448,Need for Speed: Most Wanted (Video Game 2005),
0061523,A Countess from Hong Kong (1967),
0120512,Wild America (1997),
2140203,Wolf Children (2012),
0051808,The Hidden Fortress (1958),
0554560,Dark Angel` Art Attack (TV Episode 2001),
0080678,The Elephant Man (1980),
2128314,The Story of Film: An Odyssey` New American Independents & the Digital Revolution (TV Episode 2011),
0165857,Let's Talk About Sex (1998),
0101258,Days of Being Wild (1990),
1979320,Rush (2013),
0457430,Pan's Labyrinth (2006),
0337978,Live Free or Die Hard (2007),
0381681,Before Sunset (2004),
0019421,Steamboat Bill, Jr. (1928),
0409459,Watchmen (2009),
0177511,The Glass Agency (1999),
0012349,The Kid (1921),
0219288,Loners (2000),
0438584,Why Germany? (2004),
0106330,Az Karkheh ta Rhein (1993),
0061184,Who's Afraid of Virginia Woolf? (1966),
0060196,The Good, the Bad and the Ugly (1966),
1817213,Marty on Film (Video 2011),
0018773,The Circus (1928),
0172495,Gladiator (2000),
0102926,The Silence of the Lambs (1991),
0112864,Die Hard: With a Vengeance (1995),
0364569,Oldboy (2003),
0095903,The Prince of Pennsylvania (1988),
0063568,If You Meet Sartana Pray for Your Death (1968),
0301684,Once Upon a Time in the Midlands (2002),
0120586,American History X (1998),
4381314,Scream Queens` Pumpkin Patch (TV Episode 2015),
0073707,Sholay (1975),
0831457,Comedy Central Presents` Ted Alexandro: 2 (TV Episode 2006),
0044079,Strangers on a Train (1951),
0048605,The Seven Year Itch (1955),
0116852,Leily Is with Me (1996),
2265866,The Blockbuster Buster` ERod vs. Episode I, Vol. 1 (TV Episode 2012),
0477348,No Country for Old Men (2007),
1205489,Gran Torino (2008),
0103644,Alien³ (1992),
0100822,Tune in Tomorrow... (1990),
0382734,Harvie Krumpet (2003),
4991632,The 88th Annual Academy Awards (2016),
0111161,The Shawshank Redemption (1994),
0808506,The Girl Who Leapt Through Time (2006),
0374153,Dancing in the Dust (2003),
0054331,Spartacus (1960),
0285930,Powder Keg (2001),
4778892,Honest Trailers` Toy Story (Feat. Will Sasso) (TV Episode 2015),
0066921,A Clockwork Orange (1971),
0062622,2001: A Space Odyssey (1968),
0458339,Captain America: The First Avenger (2011),
0046912,Dial M for Murder (1954),
0076915,The White Buffalo (1977),
0120363,Toy Story 2 (1999),
1322835,Star Wars: The Clone Wars` Dooku Captured (TV Episode 2009),
3706770,The Tonight Show Starring Jimmy Fallon` Maya Rudolph/Robert Duvall/Lily Allen (TV Episode 2014),
0101414,Beauty and the Beast (1991),
0056172,Lawrence of Arabia (1962),
2488496,Star Wars: Episode VII - The Force Awakens (2015),
0113725,Maborosi (1995),
1230385,The Yellow Sea (2010),
0052357,Vertigo (1958),
0110008,Pom Poko (1994),
0050976,The Seventh Seal (1957),
0075520,Jesus of Nazareth (TV Mini-Series 1977),
1080585,Dangerous Days: Making Blade Runner (Video 2007),
0085959,The Meaning of Life (1983),
0246578,Donnie Darko (2001),
1542852,Carancho (2010),
0104265,Final Analysis (1992),
0217505,Gangs of New York (2002),
0658016,NCIS` Red Cell (TV Episode 2005),
0100150,Miller's Crossing (1990),
0074896,The Message (1976),
1291584,Warrior (2011),
0417550,Confession (2005),
0103595,1991: The Year Punk Broke (1992),
0113068,The First 100 Years: A Celebration of American Movies (TV Movie 1995),
0120787,A Perfect Murder (1998),
1623877,Jeopardy!; Episode #26.147 (TV Episode 2010),
0054215,Psycho (1960),
0892769,How to Train Your Dragon (2010),
0472027,John Adams (TV Mini-Series 2008),
2381111,Brooklyn (2015),
0385277,The Musicman (2007),
1832382,A Separation (2011),
3385860,A Belly Full of Anger (2012),
0057565,High and Low (1963),
0083922,Fanny and Alexander (1982),
3170832,Room (2015),
5312004,Road Fury: Crash & Smash (Video 2015),
2175948,Anime Abandon` Grave of the Fireflies (TV Episode 2012),
0113647,La ley de la frontera (1995),
0066907,Chato's Land (1972),
1853728,Django Unchained (2012),
0083658,Blade Runner (1982),
1587501,Chuck` Chuck Versus the Other Guy (TV Episode 2010),
1020796,Freedom! Forever!: Making 'V for Vendetta' (Video 2006),
0112641,Casino (1995),
5468636,Mike & Mike` Episode dated 12 February 2016 (TV Episode 2016),
0113568,Ghost in the Shell (1995),
3682448,Bridge of Spies (2015),
1520211,The Walking Dead (TV Series 2010– ),
0059431,Marriage on the Rocks (1965),
0304141,Harry Potter and the Prisoner of Azkaban (2004),
0347048,Head-On (2004),
0995031,Bhool Bhulaiyaa (2007),
0025316,It Happened One Night (1934),
0105695,Unforgiven (1992),
0367882,Indiana Jones and the Kingdom of the Crystal Skull (2008),
1028532,Hachi: A Dog's Tale (2009),
0081398,Raging Bull (1980),
0112471,Before Sunrise (1995),
1032755,RocknRolla (2008),
1054486,Futurama: Bender's Game (Video 2008),
1220719,Ip Man (2008),
0242519,Hera Pheri (2000),
0851578,Paprika (2006),
0119217,Good Will Hunting (1997),
0387374,The Making of 'Alien³' (Video 2003),
4062536,Green Room (2015),
0080633,The Disco of Love (1980),
0036342,Shadow of a Doubt (1943),
0026138,Bride of Frankenstein (1935),
0862467,Valhalla Rising (2009),
0166896,The Straight Story (1999),
0092991,Evil Dead II (1987),
3468492,The Cinema Snob` Fatal Games (TV Episode 2014),
0118845,Happy Together (1997),
0059673,Samurai Assassin (1965),
0017136,Metropolis (1927),
0092067,Castle in the Sky (1986),
1626811,Cameraman: The Life and Work of Jack Cardiff (2010),
0021749,City Lights (1931),
0117951,Trainspotting (1996),
0430676,Do You Like Hitchcock? (TV Movie 2005),
0043548,Flying Padre (1951),
0075686,Annie Hall (1977),
0097438,Gleaming the Cube (1989),
0038109,Spellbound (1945),
0081834,Das Boot (TV Mini-Series 1985),
0944947,Game of Thrones (TV Series 2011– ),
0030993,You Can't Take It With You (1938),
1166100,Ghajini (2008),
0108500,Les visiteurs (1993),
0056801,8½ (1963),
0416960,The Lizard (2004),
0245712,Amores Perros (2000),
0211915,Amélie (2001),
2316411,Enemy (2013),
2802144,Kingsman: The Secret Service (2014),
1504320,The King's Speech (2010),
0014341,Our Hospitality (1923),
0028950,La Grande Illusion (1937),
0180093,Requiem for a Dream (2000),
4946702,Back of the Nation` Episode #2.10 (TV Episode 2015),
0280745,Hollywood Mavericks (1990),
1663202,The Revenant (2015),
1812603,The Colbert Report` Kevin Spacey (TV Episode 2011),
3531496,Hussein` Who Said No (2014),
1160424,Who Killed Nancy? (2009),
4523734,Glass Reflection` The Girl Who Leapt Through Time (TV Episode 2010),
1509797,Living on Love Alone (2010),
0095730,The Night Before (1988),
0175880,Magnolia (1999),
0169214,The Secret Life of Algernon (1997),
0111408,That's Entertainment! III (1994),
1379092,Oil City Confidential (2009),
0770828,Man of Steel (2013),
0582355,Frasier` Breaking the Ice (TV Episode 1995),
0090257,My Sweet Little Village (1985),
0492878,Drake and Josh Go Hollywood (TV Movie 2006),
1179933,10 Cloverfield Lane (2016),
0120735,Lock` Stock and Two Smoking Barrels (1998),
0114814,The Usual Suspects (1995),
0325980,Pirates of the Caribbean: The Curse of the Black Pearl (2003),
2495118,Ip Man: The Final Fight (2013),
0022286,The Public Enemy (1931),
1675434,The Intouchables (2011),
0252597,Feyzo` the Polite One (1978),
0048254,Killer's Kiss (1955),
0112913,Fallen Angels (1995),
0043265,The African Queen (1951),
0282856,Porn Star: The Legend of Ron Jeremy (2001),
0672487,Peep Show` Mugging (TV Episode 2005),
1358997,The Mustachioed Bandit Meets His End (2007),
0013442,Nosferatu (1922),
0993846,The Wolf of Wall Street (2013),
0060675,Masculin Féminin (1966),
1255953,Incendies (2010),
0453671,Garam Masala (2005),
0655395,Mystery Science Theater 3000, 12 to the Moon (TV Episode 1994),
0029664,Thoroughbreds Don't Cry (1937),
1796395,Alzheimer's (2010),
0071315,Chinatown (1974),
0023589,Three Wise Girls (1932),
0110631,Nightwatch (1994),
0043014,Sunset Blvd. (1950),
0078105,Power Play (1978),
3084150,Yousuf e Payambar (TV Series 2007– ),
3477194,20th Annual Screen Actors Guild Awards (2014),
3202320,Taiwanese School: The Experiment of Sergei Eisenstein's Montage Theory (2009),
0029850,Alexander Nevsky (1938),
0091763,Platoon (1986),
1815138,Mokhtarnameh (TV Series 2010–2011),
3038142,Inner Demons (2014),
0044706,High Noon (1952),
0069467,Cries & Whispers (1972),
0435761,Toy Story 3 (2010),
0113824,Whisper of the Heart (1995),
0039041,Tomorrow Is Forever (1946),
1568921,The Secret World of Arrietty (2010),
0046268,The Wages of Fear (1953),
0236027,Flickering Lights (2000),
1113810,M for Mother (2006),
0031737,Nurse Edith Cavell (1939),
0279695,Blackwoods (2001),
0055032,Jules and Jim (1962),
0055630,Yojimbo (1961),
0069833,Chino (1973),
0032976,Rebecca (1940),
0110413,Léon: The Professional (1994),
0038650,It's a Wonderful Life (1946),
2461862,The Oscars (2013),
0070608,Robin Hood (1973),
0275140,Law & Order: Criminal Intent (TV Series 2001–2011),
0145777,Flashback (1969),
0342492,The Green Butchers (2003),
0097576,Indiana Jones and the Last Crusade (1989),
2282016,The Possession of Michael King (2014),
2338151,PK (2014),
0361748,Inglourious Basterds (2009),
0034198,Skylark (1941),
0104647,Kuffs (1992),
0070047,The Exorcist (1973),
0530517,Boston Legal` Finding Nimmo (TV Episode 2005),
0201368,The Broken Landlord (1985),
0245574,Y Tu Mamá También (2001),
0825279,20 Years After (2008),
0040746,Rope (1948),
0078771,Love on the Run (1979),
0077416,The Deer Hunter (1978),
0156248,August 32nd on Earth (1998),
1454029,The Help (2011),
0042192,All About Eve (1950),
0075143,The Message (1976),
0903624,The Hobbit: An Unexpected Journey (2012),
0113718,Lumière and Company (1995),
0905372,The Thing (2011),
2281977,Final de partida` Los premios Óscar (TV Episode 2012),
0031835,The Rains Came (1939),
0036868,The Best Years of Our Lives (1946),
0092484,Wiseguy (TV Series 1987–1990),
0247082,CSI: Crime Scene Investigation (TV Series 2000–2015),
0086022,Nostalgia (1983),
0240900,Slackers (2002),
0964517,The Fighter (2010),
0034415,Ziegfeld Girl (1941),
0094625,Akira (1988),
0107048,Groundhog Day (1993),
0845439,Fireworks Wednesday (2006),
0077651,Halloween (1978),
0338564,Infernal Affairs (2002),
0083987,Gandhi (1982),
0776527,Mystery Science Theater 3000, The Atomic Brain (TV Episode 1993),
0063034,Great Catherine (1968),
0058461,A Fistful of Dollars (1964),
0105236,Reservoir Dogs (1992),
0081059,Lion of the Desert (1981),
0482571,The Prestige (2006),
0080979,Kagemusha (1980),
0161292,Bleeder (1999),
2399900,Four Twenty (2012),
0036275,Presenting Lily Mars (1943),
2128662,Peep Show` The William Morris Years (TV Episode 2015),
1986451,Imam Ali (TV Series 1997–1998),
0451094,Sympathy for Lady Vengeance (2005),
1212450,Lawless (2012),
0119576,Another Nine & a Half Weeks (1997),
0022100,M (1931),
4399942,73rd Golden Globe Awards (2016),
0449465,The 2004 IFP/West Independent Spirit Awards (TV Movie 2004),
2554790,Demo Reel` The Dark Knight Begins Rising (TV Episode 2012),
3921314,Muhammad: The Messenger of God (2015),
0095468,A Short Film About Killing (1988),
5182350,Late Night with Seth Meyers` Sam Rockwell/Cristin Milioti/Neil Cavuto/Jeremy Gara (TV Episode 2015),
0096921,Beyond the Stars (1989),
0401792,Sin City (2005),
0425253,Mini's First Time (2006),
0061512,Cool Hand Luke (1967),
0063929,Monty Python's Flying Circus (TV Series 1969–1974),
0119698,Princess Mononoke (1997),
0372784,Batman Begins (2005),
1087578,Still Walking (2008),
4593298,Chasing 'Time Bandits': An Interview with Terry Gilliam (Video 2013),
2040140,Nostalgia Critic` Exorcist 2 (TV Episode 2011),
0074119,All the President's Men (1976),
1335923,De wereld draait door` Episode #4.65 (TV Episode 2008),
0050613,Throne of Blood (1957),
0013486,Pay Day (1922),
0119244,Hacks (1997),
0071562,The Godfather: Part II (1974),
0060897,Return of the Seven (1966),
1560747,The Master (2012),
0057115,The Great Escape (1963),
1064932,Welcome to the Sticks (2008),
0226461,Soft Hands (1964),
0776519,Mystery Science Theater 3000, Samson vs. the Vampire Women (TV Episode 1995),
0087544,Nausicaä of the Valley of the Wind (1984),
2106476,The Hunt (2012),
0209144,Memento (2000),
0015864,The Gold Rush (1925),
0079221,Gol Maal (1979),
0137523,Fight Club (1999),
0107290,Jurassic Park (1993),
0089370,The Jewel of the Nile (1985),
4661634,Countdown` Episode #72.78 (TV Episode 2015),
0319020,Awara Paagal Deewana (2002),
0113247,La Haine (1995),
0054047,The Magnificent Seven (1960),
0280720,The Guru (2002),
0099685,Goodfellas (1990),
0886290,Ugly Betty` After Hours (TV Episode 2006),
1034314,Iron Sky (2012),
0047977,Davy Crockett: King of the Wild Frontier (1955),
0329347,I Am Taraneh, I Am Fifteen Years Old (2002),
0805184,Bhagam Bhag (2006),
0097814,Kiki's Delivery Service (1989),
2768802,Mickey Mouse (TV Series 2013– ),
1535224,Jeopardy!; Episode #26.28 (TV Episode 2009),
0120915,Star Wars: Episode I - The Phantom Menace (1999),
0078748,Alien (1979),
0292542,Son of the Bride (2001),
1065073,Boyhood (2014),
0086190,Star Wars: Episode VI - Return of the Jedi (1983),
1772341,Wreck-It Ralph (2012),
0040522,Bicycle Thieves (1948),
0973844,To Each His Own Cinema (2007),
0166924,Mulholland Drive (2001),
0030386,Love Finds Andy Hardy (1938),
0395169,Hotel Rwanda (2004),
0280387,The 73rd Annual Academy Awards (2001),
0400270,Cake Boy (Video 2005),
1705786,Chinese Take-Out (2011),
3696192,Singh Is Bliing (2015),
1207585,Troldspejlet` Episode #25.9 (TV Episode 2001),
0387616,Superior Firepower: The Making of 'Aliens' (Video 2003),
0041594,Little Women (1949),
0120737,The Lord of the Rings: The Fellowship of the Ring (2001),
0181852,Terminator 3: Rise of the Machines (2003),
2948356,Zootopia (2016),
4837300,A Night at the Movies: George Lucas and the World of Fantasy Cinema (TV Movie 2014),
0071853,Monty Python and the Holy Grail (1975),
0070379,Mean Streets (1973),
0701242,The Simpsons` The Heartbroke Kid (TV Episode 2005),
0758368,The Simpsons` Treehouse of Horror III (TV Episode 1992),
0053125,North by Northwest (1959),
2719688,Maltin on Movies` Oz the Great and Powerful (TV Episode 2013),
2848876,Howze Naghashi (2013),
0073298,Lisztomania (1975),
3421514,Supercondriaque (2014),
1323594,Despicable Me (2010),
0816692,Interstellar (2014),
0020629,All Quiet on the Western Front (1930),
0800099,Joe Strummer: The Future Is Unwritten (2007),
0104652,Porco Rosso (1992),
1722426,Auschwitz (2011),
0347618,The Cat Returns (2002),
0046345,Summer with Monika (1953),
1044818,The South Bank Show` Irvine Welsh (TV Episode 2006),
0440963,The Bourne Ultimatum (2007),
0039871,One Wonderful Sunday (1947),
0042384,Day of the Fight (1951),
0119488,L.A. Confidential (1997),
1431045,Deadpool (2016),
3262722,71st Golden Globe Awards (2014),
4935372,The Devil's Candy (2015),
0751066,The X-Files` 3 (TV Episode 1994),
0384134,Give and Take, and Take (2003),
1175491,W. (2008),
0198781,Monsters` Inc. (2001),
0317705,The Incredibles (2004),
0268380,Ice Age (2002),
0053752,The Day They Robbed the Bank of England (1960),
0292490,Dil Chahta Hai (2001),
0051201,Witness for the Prosecution (1957),
1593620,Who Wants to Be a Millionaire` Million Dollar Movie Week 5 (TV Episode 2009),
4070214,Shut Up and Talk` Lindsay Ellis (TV Episode 2014),
0126029,Shrek (2001),
0171825,The Thin Pink Line (1998),
0096874,Back to the Future Part II (1989),
1625351,The 83rd Annual Academy Awards (2011),
2221870,Brief Film Reviews` My DVD/Blu-Ray Collection (TV Episode 2010),
2141777,Crawlspace (2013),
0810819,The Danish Girl (2015),
0044741,Ikiru (1952),
1977647,Weeds` Vehement vs. Vigorous (TV Episode 2011),
0120391,24 7: Twenty Four Seven (1997),
0177882,Kebab Connection (2004),
0050825,Paths of Glory (1957),
1979388,The Good Dinosaur (2015),
4040386,Les loups (2015),
0347149,Howl's Moving Castle (2004),
0078788,Apocalypse Now (1979),
0095016,Die Hard (1988),
0983213,5 Centimeters Per Second (2007),
0057012,Dr. Strangelove or: How I Learned to Stop Worrying and Love the Bomb (1964),
0118694,In the Mood for Love (2000),
0039631,Monsieur Verdoux (1947),
0031455,The Hunchback of Notre Dame (1939),
0082971,Raiders of the Lost Ark (1981),
0272338,Punch-Drunk Love (2002),
0053198,The 400 Blows (1959),
0082340,Escape from New York (1981),
0405159,Million Dollar Baby (2004),
1164999,Biutiful (2010),
1170393,Tambourine (2008),
2660294,Candlestick (2014),
1010048,Slumdog Millionaire (2008),
0378194,Kill Bill: Vol. 2 (2004),
0064115,Butch Cassidy and the Sundance Kid (1969),
0192952,AFI's 100 Years... 100 Movies: America's Greatest Movies (1998),
0022835,Dr. Jekyll and Mr. Hyde (1931),
3071610,Count It Down: Funniest Movies of All Time (TV Movie 2013),
2082197,Barfi! (2012),
0086879,Amadeus (1984),
1470171,Abandoned (Video 2010),
1139800,The Girl from Monaco (2008),
0090775,The Brotherhood of Justice (TV Movie 1986),
0054389,Shoot the Pianist (1960),
0099088,Back to the Future Part III (1990),
2015381,Guardians of the Galaxy (2014),
1392190,Mad Max: Fury Road (2015),
0114787,Underground (1995),
0010323,The Cabinet of Dr. Caligari (1920),
0091065,Flying (1986),
3460252,The Hateful Eight (2015),
0355538,Hollywood: The Gift of Laughter (TV Movie 1982),
4386262,Late Night with Seth Meyers` Wanda Sykes/Angie Harmon/Two Gallants (TV Episode 2015),
0093779,The Princess Bride (1987),
0023385,Red-Headed Woman (1932),
0067306,King Lear (1971),
3056222,Stars of the Silver Screen` Clark Gable (TV Episode 2011),
0831020,CSI: Crime Scene Investigation` Toe Tags (TV Episode 2006),
0035942,Girl Crazy (1943),
0096283,My Neighbor Totoro (1988),
1895587,Spotlight (2015),
0115644,Bed of Roses (1996),
2278388,The Grand Budapest Hotel (2014),
0026393,'G' Men (1935),
0080684,Star Wars: Episode V - The Empire Strikes Back (1980),
2517658,The Canal (2014),
2112281,Tangled Ever After (2012),
0910970,WALL·E (2008),
0054997,The Hustler (1961),
0166375,The Taylor Predicament (1998),
0848228,The Avengers (2012),
0116922,Lost Highway (1997),
0099423,Die Hard 2 (1990),
0366635,One Hand Can't Clap (2003),
3804350,King Lear (2015),
0049314,High Society (1956),
1706450,The Kingdom of Solomon (2010),
0418460,Aitraaz (2004),
3560084,NCIS: New Orleans (TV Series 2014– ),
0068816,Lone Wolf and Cub: Baby Cart at the River Styx (1972),
0167404,The Sixth Sense (1999),
0459242,Crossing the Bridge: The Sound of Istanbul (2005),
0053987,The Steamroller and the Violin (1961),
2576852,The Tale of the Princess Kaguya (2013),
0095488,The Lair of the White Worm (1988),
0128292,Buttoners (1997),
0095853,Permanent Record (1988),
0582568,Frasier` Three Days of the Condo (TV Episode 1997),
0184316,There Once Was a King... (1955),
0109686,Dumb & Dumber (1994),
0088445,Zappa (1983),
1533395,Life (TV Mini-Series 2009),
1194238,Polytechnique (2009),
0023876,Cavalcade (1933),
0273719,Shake It (2001),
0441748,Cyxork 7 (2006),
0088247,The Terminator (1984),
4017092,Al Murray's Great British War Movies (TV Movie 2014),
1187043,3 Idiots (2009),
0095765,Cinema Paradiso (1988),
0095675,Women on the Verge of a Nervous Breakdown (1988),
1156640,American Dad!; The Most Adequate Christmas Ever (TV Episode 2007),
0211319,Cousin (1999),
0108052,Schindler's List (1993),
1987018,A Happy Event (2011),
0288408,AFI's 100 Years... 100 Thrills: America's Most Heart-Pounding Movies (2001),
1255891,Next Floor (2008),
0017925,The General (1926),
2209418,Before Midnight (2013),
0070666,Serpico (1973),
2267998,Gone Girl (2014),
4834516,Renegade Cut` Bicycle Thieves (TV Episode 2015),
0208035,Certain Guys (2000),
0103064,Terminator 2: Judgment Day (1991),
0126423,Pete's Meteor (1998),
0055499,Through a Glass Darkly (1961),
0208092,Snatch. (2000),
1954263,Battlefield 3 (Video Game 2011),
0053935,Ice Cold in Alex (1958),
0246692,Old Men in New Cars: In China They Eat Dogs II (2002),
0119429,Julian Po (1997),
0018455,Sunrise (1927),
0103030,High Heels (1991),
0051365,The Magician (1958),
0121766,Star Wars: Episode III - Revenge of the Sith (2005),
0073812,Tommy (1975),
0398286,Tangled (2010),
0114746,Twelve Monkeys (1995),
0120623,A Bug's Life (1998),
0367110,Swades (2004),
0034583,Casablanca (1942),
0436374,The Uninvited Guest (2004),
0019254,The Passion of Joan of Arc (1928),
0762956,ReBoot` The Tearing (TV Episode 1994),
0057611,The Silence (1963),
0036775,Double Indemnity (1944),
1877832,X-Men: Days of Future Past (2014),
0419058,Phir Hera Pheri (2006),
0038355,The Big Sleep (1946),
0470752,Ex Machina (2015),
0047296,On the Waterfront (1954),
0315733,21 Grams (2003),
3011894,Wild Tales (2014),
1375666,Inception (2010),
0169102,Lagaan: Once Upon a Time in India (2001),
0091860,River's Edge (1986),
0030108,Everybody Sing (1938),
0085583,Un genio en apuros (1983),
0074958,Network (1976),
4921710,Most Craved` Deadpool Trailer, Fantastic Four, Prometheus 2 (TV Episode 2015),
1360860,About Elly (2009),
0252489,The Chaos Class Is on Vacation (1978),
0032551,The Grapes of Wrath (1940),
0092272,Youngblood (1986),
2245084,Big Hero 6 (2014),
0108162,Sliver (1993),
3323596,Stars of the Silver Screen` Henry Fonda (TV Episode 2013),
0083203,Time for Revenge (1981),
0089881,Ran (1985),
2080374,Steve Jobs (2015),
0054177,Le Petit Soldat (1963),
0350945,Fluffy Cumsalot, Porn Star (2003),
0092122,Twisted (1986),
0397619,Samaritan Girl (2004),
0405508,Rang De Basanti (2006),
0831888,Tekkonkinkreet (2006),
0097626,Johnny Handsome (1989),
0085905,Marlene (1984),
5308752,Late Night with Seth Meyers` Christian Slater/Retta/Sam Hunt/Matt Sorum (TV Episode 2016),
1033498,Selected Shorts #5: Comedy Shorts (Video 2007),
0064116,Once Upon a Time in the West (1968),
2084970,The Imitation Game (2014),
1245339,Terminator: The Sarah Connor Chronicles` Mr. Ferguson Is Ill Today (TV Episode 2008),
0074486,Eraserhead (1977),
0495596,Tales from Earthsea (2006),
0269746,What Time Is It There? (2001),
0374887,Munna Bhai M.B.B.S. (2003),
0038032,Road to Utopia (1945),
0588160,Gilmore Girls` Let Me Hear Your Balalaikas Ringing Out (TV Episode 2005),
2433380,Castle` The Final Frontier (TV Episode 2012),
0118177,Wiseguy (TV Movie 1996),
0015648,Battleship Potemkin (1925),
0111495,Three Colors: Red (1994),
1170358,The Hobbit: The Desolation of Smaug (2013),
0105764,Visions of Light (1992),
3659388,The Martian (2015),
0048028,East of Eden (1955),
0387056,The Beast Within: The Making of 'Alien' (Video 2003),
0073014,The Far Side of Paradise (1976),
0053946,Inherit the Wind (1960),
0053976,The Virgin Spring (1960),
0192071,Get Over It (2001),
1683263,NCIS` Baltimore (TV Episode 2011),
0107096,Heaven & Earth (1993),
0084787,The Thing (1982),
0371746,Iron Man (2008),
0247586,Nine Queens (2000),
0287467,Talk to Her (2002),
0115322,Profiler (TV Series 1996–2000),
0499549,Avatar (2009),
0099674,The Godfather: Part III (1990),
0073195,Jaws (1975),
0050083,12 Angry Men (1957),
0143428,Lone Wolf and Cub: Baby Cart in the Land of Demons (1973),
0483719,The Living and the Dead (2006),
0087803,Nineteen Eighty-Four (1984),
0074849,Man Friday (1975),
0266222,The 72nd Annual Academy Awards (2000),
1371630,Air Doll (2009),
1153546,BloodRayne: The Third Reich (2011),
0234215,The Matrix Reloaded (2003),
2980516,The Theory of Everything (2014),
1725593,The Office` The Sting (TV Episode 2010),
0655442,Mystery Science Theater 3000, Racket Girls (TV Episode 1994),
0160182,Desperate But Not Serious (2000),
3561828,Diablo III: Reaper of Souls (Video Game 2014),
0255111,Dhadkan (2000),
0374546,Spring` Summer, Fall, Winter... and Spring (2003),
0087843,Once Upon a Time in America (1984),
2024544,12 Years a Slave (2013),
2382298,Life Itself (2014),
1273222,These Amazing Shadows (2011),
0064793,The Passion of Anna (1969),
1596363,The Big Short (2015),
0041959,The Third Man (1949),
0120696,Hard Rain (1998),
0167260,The Lord of the Rings: The Return of the King (2003),
0031500,It's a Wonderful World (1939),
0116282,Fargo (1996),
0266697,Kill Bill: Vol. 1 (2003),
0057590,Tom Jones (1963),
0034485,Babes on Broadway (1941),
0468569,The Dark Knight (2008),
0701275,The Simpsons` Three Men and a Comic Book (TV Episode 1991),
2916510,Miss and the Doctors (2013),
0118889,Cosmos (1996),
0056443,Sanjuro (1962),
0052311,Touch of Evil (1958),
2395427,Avengers: Age of Ultron (2015),
0914790,The 64th Annual Golden Globe Awards (2007),
0022268,Platinum Blonde (1931),
0061135,The Ugly Dachshund (1966),
0425379,I'm the Angel of Death: Pusher III (2005),
0036872,Going My Way (1944),
0167331,Cosy Dens (1999),
0093349,King Lear (1987),
4881190,French Collection` Villeurbanne & Lincoln (TV Episode 2015),
1686036,Film Noir (2010),
3484064,At the Movies` Summer Special 2009/10 (TV Episode 2009),
0389153,Medal of Honor: Pacific Assault (Video Game 2004),
0120382,The Truman Show (1998),
2289526,Going Away (2013),
0418769,Jimmy Neutron: Win, Lose and Kaboom (TV Movie 2004),
0093773,Predator (1987),
0110357,The Lion King (1994),
0015324,Sherlock Jr. (1924),
1915446,Nostalgia Critic` Little Nemo (TV Episode 2011),
0052218,Some Came Running (1958),
0028665,Broadway Melody of 1938 (1937),
0082096,Das Boot (1981),
0065651,Bed & Board (1970),
0079944,Stalker (1979),
1445683,Great Directors (2009),
0096029,Salome's Last Dance (1988),
0090756,Blue Velvet (1986),
0060827,Persona (1966),
0049653,The Rainmaker (1956),
0113277,Heat (1995),
0062480,Weekend (1967),
0099348,Dances with Wolves (1990),
0253614,Saban` Son of Saban (1977),
0187078,Gone in Sixty Seconds (2000),
0033832,Life Begins for Andy Hardy (1941),
0048641,Smiles of a Summer Night (1955),
0049406,The Killing (1956),
0292242,Solino (2002),
0071797,Mahler (1974),
0050986,Wild Strawberries (1957),
2404461,The Past (2013),
0059578,For a Few Dollars More (1965),
0037536,The Bells of St. Mary's (1945),
0080813,The Great Rock 'n' Roll Swindle (1980),
0049125,Davy Crockett and the River Pirates (1956),
0975645,Hitchcock (2012),
0047757,The Mickey Mouse Club (TV Series 1955–1958),
2328503,As One (2012),
0091635,9½ Weeks (1986),
3896260,Honest Trailers` The Wolf of Wall Street (TV Episode 2014),
0462570,On Probation (2005),
0317248,City of God (2002),
0253621,Sakar Sakir (1977),
0074752,King Lear (1976),
0018217,October (Ten Days that Shook the World) (1928),
0112573,Braveheart (1995),
0114369,Se7en (1995),
0056592,To Kill a Mockingbird (1962),
0252591,King of the Doormen (1976),
0073486,One Flew Over the Cuckoo's Nest (1975),
0095327,Grave of the Fireflies (1988),
0044837,Limelight (1952),
1492090,Planet Sheen (TV Series 2010– ),
0043724,The Lady with a Lamp (1951),
0125919,Massage Parlor Wife (1975),
0058946,The Battle of Algiers (1966),
0104774,A Place in the World (1992),
1210864,American Dad!; Escape from Pearl Bailey (TV Episode 2008),
0032138,The Wizard of Oz (1939),
0041944,Take Me Out to the Ball Game (1949),
0245429,Spirited Away (2001),
0027113,Tit for Tat (1935),
0038787,Notorious (1946),
0066765,And Now for Something Completely Different (1971),
0086250,Scarface (1983),
0110912,Pulp Fiction (1994),
0019412,Speedy (1928),
0279362,The Real Thing (2002),
2253832,Maltin on Movies` The Dark Knight Rises (TV Episode 2012),
0040506,Key Largo (1948),
0053604,The Apartment (1960),
2294629,Frozen (2013),
0472566,Star Wreck: In the Pirkinning (Video 2005),
1798188,From Up on Poppy Hill (2011),
0047396,Rear Window (1954),
0114709,Toy Story (1995),
3280916,The Atticus Institute (2015),
0120815,Saving Private Ryan (1998),
2597242,At the Devil's Door (2014),
0079470,Life of Brian (1979),
0046250,Roman Holiday (1953),
2191311,Richard Roeper & the Movies` RR's Oscar Predictions: Best Picture (TV Episode 2010),
0385890,My Big Fat Independent Movie (2005),
0263206,Christmas in South Park (Video 2000),
0327597,Coraline (2009),
0072684,Barry Lyndon (1975),
0053472,Breathless (1960),
0027977,Modern Times (1936),
0030341,The Lady Vanishes (1938),
0031066,Babes in Arms (1939),
0045197,The Story of Robin Hood and His Merrie Men (1952),
0978762,Mary and Max (2009),
0118715,The Big Lebowski (1998),
1305806,The Secret in Their Eyes (2009),
1646971,How to Train Your Dragon 2 (2014),
0317219,Cars (2006),
0047478,Seven Samurai (1954),
0407887,The Departed (2006),
0425388,Ramones Raw (2004),
2207072,Eyjafjallajökull (2013),
1172570,Bronson (2008),
4838176,Half in the Bag` Terminator Genisys (TV Episode 2015),
0202559,A Room for Romeo Brass (1999),
0092005,Stand by Me (1986),
0076759,Star Wars: Episode IV - A New Hope (1977),
1928501,Special Collector's Edition` El pacto de Berlín (TV Episode 2011),
1025011,AFI's 100 Years... 100 Movies: 10th Anniversary Edition (TV Movie 2007),
1529235,Welcome to the South (2010),
0070735,The Sting (1973),
1110251,Every Pixel Tells a Story (2002),
0815467,Munich: The International Cast (Video 2006),
1366328,The Orange British Academy Film Awards (2009),
0095953,Rain Man (1988),
0058888,Red Beard (1965),
0106949,Det forsømte forår (1993),
0452643,Love and Other Disasters (2006),
0096639,Lonesome Dove (TV Mini-Series 1989),
0033870,The Maltese Falcon (1941),
0121765,Star Wars: Episode II - Attack of the Clones (2002),
2267968,Kung Fu Panda 3 (2016),
0117668,Small Time (1996),
0078723,1941 (1979),
0091785,Pouvoir intime (1986),
2562232,Birdman or (The Unexpected Virtue of Ignorance) (2014),
0157075,The Suburbans (1999),
0119038,The Dinner Game (1998),
0483703,So Close, So Far (2005),
0338013,Eternal Sunshine of the Spotless Mind (2004),
0053994,Kidnapped (1960),
0050569,The Joker Is Wild (1957),
0681198,Quark` Vanessa 38-24-36 (TV Episode 1978),
0020094,Liberty (1929),
0045152,Singin' in the Rain (1952),
0441773,Kung Fu Panda (2008),
4844494,The Paul Behragam Talk Show` Plans for Balto 4 & 5 Part 2 (TV Episode 2015),
0087469,Indiana Jones and the Temple of Doom (1984),