0,0770828-tokens.pickle
1,3262722-tokens.pickle
2,0470752-tokens.pickle
3,0116922-tokens.pickle
4,3659388-tokens.pickle
5,0099674-tokens.pickle
6,0112641-tokens.pickle
7,0291337-tokens.pickle
8,0019412-tokens.pickle
9,0116851-tokens.pickle
10,3084150-tokens.pickle
11,0495596-tokens.pickle
12,0672487-tokens.pickle
13,2013293-tokens.pickle
14,1535224-tokens.pickle
15,0088247-tokens.pickle
16,0078748-tokens.pickle
17,0252361-tokens.pickle
18,0234853-tokens.pickle
19,0112471-tokens.pickle
20,4921710-tokens.pickle
21,0113568-tokens.pickle
22,0367110-tokens.pickle
23,1166100-tokens.pickle
24,0041944-tokens.pickle
25,0020629-tokens.pickle
26,0061512-tokens.pickle
27,0825279-tokens.pickle
28,0110008-tokens.pickle
29,0105695-tokens.pickle
30,0103760-tokens.pickle
31,1987018-tokens.pickle
32,0059673-tokens.pickle
33,0034583-tokens.pickle
34,0094625-tokens.pickle
35,0338564-tokens.pickle
36,0022286-tokens.pickle
37,2282016-tokens.pickle
38,1322835-tokens.pickle
39,1335923-tokens.pickle
40,0014341-tokens.pickle
41,0081834-tokens.pickle
42,2267998-tokens.pickle
43,0097626-tokens.pickle
44,0032638-tokens.pickle
45,0337978-tokens.pickle
46,4469496-tokens.pickle
47,0044741-tokens.pickle
48,0101258-tokens.pickle
49,0387616-tokens.pickle
50,0436374-tokens.pickle
51,0065651-tokens.pickle
52,0060124-tokens.pickle
53,1798188-tokens.pickle
54,1833673-tokens.pickle
55,0095327-tokens.pickle
56,0042876-tokens.pickle
57,2106476-tokens.pickle
58,0100150-tokens.pickle
59,4040386-tokens.pickle
60,0036275-tokens.pickle
61,0056592-tokens.pickle
62,0472566-tokens.pickle
63,0091065-tokens.pickle
64,3385860-tokens.pickle
65,0114369-tokens.pickle
66,0088763-tokens.pickle
67,0072890-tokens.pickle
68,0378194-tokens.pickle
69,1110251-tokens.pickle
70,0092067-tokens.pickle
71,3896260-tokens.pickle
72,0097814-tokens.pickle
73,0208092-tokens.pickle
74,0167404-tokens.pickle
75,0060675-tokens.pickle
76,1445683-tokens.pickle
77,0091763-tokens.pickle
78,0831020-tokens.pickle
79,0058888-tokens.pickle
80,0109686-tokens.pickle
81,1210864-tokens.pickle
82,1877832-tokens.pickle
83,3803820-tokens.pickle
84,0110912-tokens.pickle
85,0080633-tokens.pickle
86,0025316-tokens.pickle
87,0079944-tokens.pickle
88,0062622-tokens.pickle
89,0049406-tokens.pickle
90,2265866-tokens.pickle
91,0042384-tokens.pickle
92,0095765-tokens.pickle
93,0905372-tokens.pickle
94,0035942-tokens.pickle
95,0096921-tokens.pickle
96,1915446-tokens.pickle
97,0030341-tokens.pickle
98,0058946-tokens.pickle
99,0058461-tokens.pickle
100,0055630-tokens.pickle
101,0034485-tokens.pickle
102,0472027-tokens.pickle
103,0114746-tokens.pickle
104,0056172-tokens.pickle
105,0301684-tokens.pickle
106,1979320-tokens.pickle
107,2191311-tokens.pickle
108,0114814-tokens.pickle
109,0036868-tokens.pickle
110,3863552-tokens.pickle
111,0102926-tokens.pickle
112,2273361-tokens.pickle
113,0582568-tokens.pickle
114,0060827-tokens.pickle
115,0064115-tokens.pickle
116,0041959-tokens.pickle
117,0226461-tokens.pickle
118,0051201-tokens.pickle
119,4523734-tokens.pickle
120,0282856-tokens.pickle
121,0247586-tokens.pickle
122,0192071-tokens.pickle
123,0027977-tokens.pickle
124,0023876-tokens.pickle
125,0886290-tokens.pickle
126,2128662-tokens.pickle
127,1560747-tokens.pickle
128,0459242-tokens.pickle
129,0048728-tokens.pickle
130,0092005-tokens.pickle
131,2278388-tokens.pickle
132,0095468-tokens.pickle
133,0099348-tokens.pickle
134,0026138-tokens.pickle
135,0441773-tokens.pickle
136,4838176-tokens.pickle
137,1201607-tokens.pickle
138,0120735-tokens.pickle
139,0018217-tokens.pickle
140,0115644-tokens.pickle
141,0046911-tokens.pickle
142,0973844-tokens.pickle
143,0075148-tokens.pickle
144,1725593-tokens.pickle
145,0018037-tokens.pickle
146,0288408-tokens.pickle
147,0061523-tokens.pickle
148,2980516-tokens.pickle
149,0007145-tokens.pickle
150,0038355-tokens.pickle
151,0405159-tokens.pickle
152,0024264-tokens.pickle
153,0044837-tokens.pickle
154,0022100-tokens.pickle
155,1662472-tokens.pickle
156,4070214-tokens.pickle
157,1706450-tokens.pickle
158,0082096-tokens.pickle
159,0845439-tokens.pickle
160,0104647-tokens.pickle
161,0198781-tokens.pickle
162,2660294-tokens.pickle
163,2709670-tokens.pickle
164,0031679-tokens.pickle
165,0054997-tokens.pickle
166,0048641-tokens.pickle
167,0169214-tokens.pickle
168,2461862-tokens.pickle
169,0049829-tokens.pickle
170,0059578-tokens.pickle
171,1028532-tokens.pickle
172,0092122-tokens.pickle
173,0093058-tokens.pickle
174,0236027-tokens.pickle
175,0876563-tokens.pickle
176,0103595-tokens.pickle
177,0073014-tokens.pickle
178,2399900-tokens.pickle
179,0085905-tokens.pickle
180,0240900-tokens.pickle
181,0751066-tokens.pickle
182,0084787-tokens.pickle
183,0048254-tokens.pickle
184,4778892-tokens.pickle
185,0062480-tokens.pickle
186,1705786-tokens.pickle
187,0115322-tokens.pickle
188,0070608-tokens.pickle
189,0077711-tokens.pickle
190,0079766-tokens.pickle
191,0074752-tokens.pickle
192,2488496-tokens.pickle
193,0120382-tokens.pickle
194,0052218-tokens.pickle
195,0108500-tokens.pickle
196,0425388-tokens.pickle
197,2433380-tokens.pickle
198,0053987-tokens.pickle
199,0085583-tokens.pickle
200,0113247-tokens.pickle
201,1625351-tokens.pickle
202,0252591-tokens.pickle
203,0048424-tokens.pickle
204,0032553-tokens.pickle
205,2209418-tokens.pickle
206,2382298-tokens.pickle
207,0443604-tokens.pickle
208,1049413-tokens.pickle
209,0145777-tokens.pickle
210,0279362-tokens.pickle
211,3071610-tokens.pickle
212,0113718-tokens.pickle
213,0023589-tokens.pickle
214,0816692-tokens.pickle
215,0419058-tokens.pickle
216,3468492-tokens.pickle
217,0063568-tokens.pickle
218,0103030-tokens.pickle
219,1895587-tokens.pickle
220,0810819-tokens.pickle
221,0087803-tokens.pickle
222,0037884-tokens.pickle
223,0090605-tokens.pickle
224,0107315-tokens.pickle
225,0166924-tokens.pickle
226,0366635-tokens.pickle
227,0374887-tokens.pickle
228,1156640-tokens.pickle
229,2112281-tokens.pickle
230,1305806-tokens.pickle
231,0384134-tokens.pickle
232,3323596-tokens.pickle
233,2916510-tokens.pickle
234,0329347-tokens.pickle
235,0387056-tokens.pickle
236,0468569-tokens.pickle
237,0066206-tokens.pickle
238,0059431-tokens.pickle
239,0210843-tokens.pickle
240,0161292-tokens.pickle
241,0095016-tokens.pickle
242,1587501-tokens.pickle
243,0048605-tokens.pickle
244,0381681-tokens.pickle
245,0092991-tokens.pickle
246,0093779-tokens.pickle
247,0106330-tokens.pickle
248,0121765-tokens.pickle
249,4837300-tokens.pickle
250,0452643-tokens.pickle
251,0067306-tokens.pickle
252,1323594-tokens.pickle
253,0033870-tokens.pickle
254,0040979-tokens.pickle
255,1937149-tokens.pickle
256,0219288-tokens.pickle
257,4946702-tokens.pickle
258,0347149-tokens.pickle
259,0073812-tokens.pickle
260,0036872-tokens.pickle
261,0110917-tokens.pickle
262,3706770-tokens.pickle
263,0273719-tokens.pickle
264,2402927-tokens.pickle
265,0038650-tokens.pickle
266,2338151-tokens.pickle
267,0441748-tokens.pickle
268,0090257-tokens.pickle
269,0095903-tokens.pickle
270,0109830-tokens.pickle
271,0120815-tokens.pickle
272,0993846-tokens.pickle
273,0530517-tokens.pickle
274,0192952-tokens.pickle
275,0086551-tokens.pickle
276,0021749-tokens.pickle
277,0120787-tokens.pickle
278,0055032-tokens.pickle
279,0165857-tokens.pickle
280,0054389-tokens.pickle
281,1032755-tokens.pickle
282,2395427-tokens.pickle
283,1054487-tokens.pickle
284,0075520-tokens.pickle
285,2128314-tokens.pickle
286,0095853-tokens.pickle
287,0066765-tokens.pickle
288,0041594-tokens.pickle
289,3804350-tokens.pickle
290,0405508-tokens.pickle
291,0039110-tokens.pickle
292,0080813-tokens.pickle
293,0350945-tokens.pickle
294,0975645-tokens.pickle
295,0116282-tokens.pickle
296,0914790-tokens.pickle
297,0107048-tokens.pickle
298,0034198-tokens.pickle
299,2267968-tokens.pickle
300,0268978-tokens.pickle
301,0031381-tokens.pickle
302,0167261-tokens.pickle
303,1796395-tokens.pickle
304,0319020-tokens.pickle
305,0848228-tokens.pickle
306,0482571-tokens.pickle
307,0088445-tokens.pickle
308,0184316-tokens.pickle
309,1194238-tokens.pickle
310,0046912-tokens.pickle
311,1454029-tokens.pickle
312,1054486-tokens.pickle
313,0097576-tokens.pickle
314,3696192-tokens.pickle
315,0080979-tokens.pickle
316,0054215-tokens.pickle
317,0177858-tokens.pickle
318,0449465-tokens.pickle
319,1063111-tokens.pickle
320,1010048-tokens.pickle
321,1164999-tokens.pickle
322,0800099-tokens.pickle
323,0978762-tokens.pickle
324,1539948-tokens.pickle
325,0211915-tokens.pickle
326,0078105-tokens.pickle
327,0143428-tokens.pickle
328,0355538-tokens.pickle
329,1596363-tokens.pickle
330,1044818-tokens.pickle
331,0013442-tokens.pickle
332,0120737-tokens.pickle
333,1646971-tokens.pickle
334,0363163-tokens.pickle
335,0120512-tokens.pickle
336,0169547-tokens.pickle
337,0053946-tokens.pickle
338,0374546-tokens.pickle
339,1431045-tokens.pickle
340,0253997-tokens.pickle
341,0087843-tokens.pickle
342,0263206-tokens.pickle
343,0180093-tokens.pickle
344,0060897-tokens.pickle
345,0105236-tokens.pickle
346,0114738-tokens.pickle
347,1207585-tokens.pickle
348,0831457-tokens.pickle
349,2517658-tokens.pickle
350,0078723-tokens.pickle
351,3561828-tokens.pickle
352,0234215-tokens.pickle
353,0015648-tokens.pickle
354,0029664-tokens.pickle
355,0051365-tokens.pickle
356,1170358-tokens.pickle
357,1843866-tokens.pickle
358,0430676-tokens.pickle
359,0119429-tokens.pickle
360,0090756-tokens.pickle
361,0054177-tokens.pickle
362,0499549-tokens.pickle
363,4661634-tokens.pickle
364,0031737-tokens.pickle
365,1187043-tokens.pickle
366,4966952-tokens.pickle
367,0030386-tokens.pickle
368,0266222-tokens.pickle
369,1832382-tokens.pickle
370,1033498-tokens.pickle
371,0076915-tokens.pickle
372,0053976-tokens.pickle
373,0058265-tokens.pickle
374,0119244-tokens.pickle
375,0044079-tokens.pickle
376,0093349-tokens.pickle
377,0317219-tokens.pickle
378,1568921-tokens.pickle
379,4386262-tokens.pickle
380,2040140-tokens.pickle
381,0103644-tokens.pickle
382,0477348-tokens.pickle
383,3280916-tokens.pickle
384,1379092-tokens.pickle
385,0038032-tokens.pickle
386,0438584-tokens.pickle
387,2495118-tokens.pickle
388,1175491-tokens.pickle
389,0892769-tokens.pickle
390,0031455-tokens.pickle
391,0022268-tokens.pickle
392,1542852-tokens.pickle
393,1230385-tokens.pickle
394,0171825-tokens.pickle
395,3170832-tokens.pickle
396,4834516-tokens.pickle
397,0032976-tokens.pickle
398,1509797-tokens.pickle
399,0059742-tokens.pickle
400,4066098-tokens.pickle
401,0024216-tokens.pickle
402,0055031-tokens.pickle
403,2245084-tokens.pickle
404,3141396-tokens.pickle
405,0167331-tokens.pickle
406,0279695-tokens.pickle
407,0157075-tokens.pickle
408,0021079-tokens.pickle
409,2848876-tokens.pickle
410,0052618-tokens.pickle
411,0177511-tokens.pickle
412,0078771-tokens.pickle
413,0114709-tokens.pickle
414,0342492-tokens.pickle
415,0083922-tokens.pickle
416,0050613-tokens.pickle
417,0091785-tokens.pickle
418,1812603-tokens.pickle
419,0095488-tokens.pickle
420,0012349-tokens.pickle
421,0061135-tokens.pickle
422,0029395-tokens.pickle
423,1979388-tokens.pickle
424,0374153-tokens.pickle
425,0053604-tokens.pickle
426,1220719-tokens.pickle
427,0071797-tokens.pickle
428,0100822-tokens.pickle
429,0036342-tokens.pickle
430,3397884-tokens.pickle
431,0462448-tokens.pickle
432,0071853-tokens.pickle
433,0111495-tokens.pickle
434,1626811-tokens.pickle
435,0099685-tokens.pickle
436,0396743-tokens.pickle
437,0053935-tokens.pickle
438,0031500-tokens.pickle
439,0120723-tokens.pickle
440,2645000-tokens.pickle
441,2948356-tokens.pickle
442,0069833-tokens.pickle
443,1087578-tokens.pickle
444,0051808-tokens.pickle
445,0056801-tokens.pickle
446,0304141-tokens.pickle
447,0245429-tokens.pickle
448,0269746-tokens.pickle
449,2082197-tokens.pickle
450,0057115-tokens.pickle
451,0253621-tokens.pickle
452,0119576-tokens.pickle
453,0407887-tokens.pickle
454,0292542-tokens.pickle
455,0776527-tokens.pickle
456,0385890-tokens.pickle
457,0104774-tokens.pickle
458,0111161-tokens.pickle
459,0080684-tokens.pickle
460,0118799-tokens.pickle
461,0082971-tokens.pickle
462,0242519-tokens.pickle
463,0038787-tokens.pickle
464,0112913-tokens.pickle
465,0010323-tokens.pickle
466,0027113-tokens.pickle
467,0118583-tokens.pickle
468,0202559-tokens.pickle
469,0397619-tokens.pickle
470,1815138-tokens.pickle
471,0096029-tokens.pickle
472,0019254-tokens.pickle
473,0247082-tokens.pickle
474,0302691-tokens.pickle
475,0372784-tokens.pickle
476,0074849-tokens.pickle
477,0808417-tokens.pickle
478,0706388-tokens.pickle
479,0382932-tokens.pickle
480,0910970-tokens.pickle
481,0040522-tokens.pickle
482,1853614-tokens.pickle
483,0085959-tokens.pickle
484,0090775-tokens.pickle
485,0315733-tokens.pickle
486,0015324-tokens.pickle
487,0655442-tokens.pickle
488,0177882-tokens.pickle
489,0049653-tokens.pickle
490,0582355-tokens.pickle
491,0317705-tokens.pickle
492,0137523-tokens.pickle
493,0335266-tokens.pickle
494,0110413-tokens.pickle
495,0026029-tokens.pickle
496,0080678-tokens.pickle
497,0059114-tokens.pickle
498,0156248-tokens.pickle
499,0815467-tokens.pickle
500,0255111-tokens.pickle
501,0050825-tokens.pickle
502,0036775-tokens.pickle
503,0758758-tokens.pickle
504,0074958-tokens.pickle
505,0107290-tokens.pickle
506,0045152-tokens.pickle
507,2015381-tokens.pickle
508,0075314-tokens.pickle
509,0120623-tokens.pickle
510,0093773-tokens.pickle
511,0023385-tokens.pickle
512,0655395-tokens.pickle
513,0424434-tokens.pickle
514,0013486-tokens.pickle
515,0054331-tokens.pickle
516,0367882-tokens.pickle
517,0052311-tokens.pickle
518,0245574-tokens.pickle
519,1675434-tokens.pickle
520,5182350-tokens.pickle
521,1255953-tokens.pickle
522,0118889-tokens.pickle
523,0049125-tokens.pickle
524,0246692-tokens.pickle
525,0201368-tokens.pickle
526,4991632-tokens.pickle
527,0029850-tokens.pickle
528,0083987-tokens.pickle
529,0554560-tokens.pickle
530,0071315-tokens.pickle
531,0104652-tokens.pickle
532,4017092-tokens.pickle
533,0236216-tokens.pickle
534,0057565-tokens.pickle
535,0068816-tokens.pickle
536,0162480-tokens.pickle
537,0033467-tokens.pickle
538,0133093-tokens.pickle
539,2253832-tokens.pickle
540,0033110-tokens.pickle
541,0086022-tokens.pickle
542,0070666-tokens.pickle
543,0944947-tokens.pickle
544,2606112-tokens.pickle
545,0089370-tokens.pickle
546,0101414-tokens.pickle
547,0434409-tokens.pickle
548,0211319-tokens.pickle
549,3011894-tokens.pickle
550,0079221-tokens.pickle
551,0389153-tokens.pickle
552,0017925-tokens.pickle
553,0264464-tokens.pickle
554,1621800-tokens.pickle
555,0167260-tokens.pickle
556,1366328-tokens.pickle
557,2768348-tokens.pickle
558,1139800-tokens.pickle
559,0097574-tokens.pickle
560,0046345-tokens.pickle
561,0090728-tokens.pickle
562,0172495-tokens.pickle
563,1492090-tokens.pickle
564,0066989-tokens.pickle
565,1623877-tokens.pickle
566,0100935-tokens.pickle
567,0588160-tokens.pickle
568,1533395-tokens.pickle
569,0099423-tokens.pickle
570,0081505-tokens.pickle
571,0338013-tokens.pickle
572,0851578-tokens.pickle
573,2328503-tokens.pickle
574,1360860-tokens.pickle
575,1817213-tokens.pickle
576,0026393-tokens.pickle
577,0113277-tokens.pickle
578,0070047-tokens.pickle
579,0087469-tokens.pickle
580,2352148-tokens.pickle
581,0409459-tokens.pickle
582,0056443-tokens.pickle
583,0106949-tokens.pickle
584,4593298-tokens.pickle
585,3421514-tokens.pickle
586,0056663-tokens.pickle
587,0046268-tokens.pickle
588,0063929-tokens.pickle
589,0117951-tokens.pickle
590,0116852-tokens.pickle
591,0361748-tokens.pickle
592,0043724-tokens.pickle
593,0047757-tokens.pickle
594,0091635-tokens.pickle
595,0113083-tokens.pickle
596,0327597-tokens.pickle
597,2084970-tokens.pickle
598,0053198-tokens.pickle
599,0084208-tokens.pickle
600,0903624-tokens.pickle
601,0082340-tokens.pickle
602,0028691-tokens.pickle
603,0096283-tokens.pickle
604,0040506-tokens.pickle
605,0120363-tokens.pickle
606,0108162-tokens.pickle
607,2576852-tokens.pickle
608,1170393-tokens.pickle
609,1593620-tokens.pickle
610,0052561-tokens.pickle
611,0862467-tokens.pickle
612,0043041-tokens.pickle
613,0395169-tokens.pickle
614,0320042-tokens.pickle
615,0081398-tokens.pickle
616,0073707-tokens.pickle
617,0050569-tokens.pickle
618,0050212-tokens.pickle
619,3682448-tokens.pickle
620,2289526-tokens.pickle
621,0083658-tokens.pickle
622,0082247-tokens.pickle
623,1179933-tokens.pickle
624,1853728-tokens.pickle
625,0451094-tokens.pickle
626,2597242-tokens.pickle
627,0061184-tokens.pickle
628,0113824-tokens.pickle
629,0325980-tokens.pickle
630,0052357-tokens.pickle
631,0268380-tokens.pickle
632,0113725-tokens.pickle
633,0056193-tokens.pickle
634,0086759-tokens.pickle
635,0442655-tokens.pickle
636,0209144-tokens.pickle
637,0017136-tokens.pickle
638,3056222-tokens.pickle
639,0681198-tokens.pickle
640,0418769-tokens.pickle
641,2175948-tokens.pickle
642,3038142-tokens.pickle
643,0128292-tokens.pickle
644,4844494-tokens.pickle
645,0104265-tokens.pickle
646,0119038-tokens.pickle
647,1228816-tokens.pickle
648,0078788-tokens.pickle
649,0121766-tokens.pickle
650,0092272-tokens.pickle
651,0069467-tokens.pickle
652,0071562-tokens.pickle
653,1375666-tokens.pickle
654,1034314-tokens.pickle
655,0086190-tokens.pickle
656,0758368-tokens.pickle
657,0073486-tokens.pickle
658,0057357-tokens.pickle
659,0118845-tokens.pickle
660,0997246-tokens.pickle
661,0083203-tokens.pickle
662,0095730-tokens.pickle
663,0387374-tokens.pickle
664,0063034-tokens.pickle
665,2281977-tokens.pickle
666,0103064-tokens.pickle
667,0095953-tokens.pickle
668,1924396-tokens.pickle
669,0053125-tokens.pickle
670,0287467-tokens.pickle
671,0107207-tokens.pickle
672,0073195-tokens.pickle
673,1392214-tokens.pickle
674,0099088-tokens.pickle
675,2582802-tokens.pickle
676,0126029-tokens.pickle
677,0043265-tokens.pickle
678,0492878-tokens.pickle
679,0095675-tokens.pickle
680,3560084-tokens.pickle
681,4881190-tokens.pickle
682,2914030-tokens.pickle
683,0047296-tokens.pickle
684,0160182-tokens.pickle
685,0457430-tokens.pickle
686,0018773-tokens.pickle
687,0066907-tokens.pickle
688,0044081-tokens.pickle
689,3484064-tokens.pickle
690,0039041-tokens.pickle
691,0266697-tokens.pickle
692,0105764-tokens.pickle
693,0047396-tokens.pickle
694,0166375-tokens.pickle
695,0086879-tokens.pickle
696,1130884-tokens.pickle
697,0181852-tokens.pickle
698,1080585-tokens.pickle
699,0462570-tokens.pickle
700,1663202-tokens.pickle
701,0060196-tokens.pickle
702,0028950-tokens.pickle
703,1358997-tokens.pickle
704,0022153-tokens.pickle
705,0187078-tokens.pickle
706,0776519-tokens.pickle
707,0112573-tokens.pickle
708,0042192-tokens.pickle
709,3477194-tokens.pickle
710,0097438-tokens.pickle
711,1212450-tokens.pickle
712,0040746-tokens.pickle
713,0108052-tokens.pickle
714,1273222-tokens.pickle
715,0483703-tokens.pickle
716,2562232-tokens.pickle
717,5308752-tokens.pickle
718,1371630-tokens.pickle
719,0050083-tokens.pickle
720,3921314-tokens.pickle
721,0113647-tokens.pickle
722,0072684-tokens.pickle
723,0253614-tokens.pickle
724,0039871-tokens.pickle
725,0317248-tokens.pickle
726,0382734-tokens.pickle
727,0120391-tokens.pickle
728,0031066-tokens.pickle
729,0418460-tokens.pickle
730,0022835-tokens.pickle
731,2063241-tokens.pickle
732,0067458-tokens.pickle
733,0119217-tokens.pickle
734,2126154-tokens.pickle
735,0057590-tokens.pickle
736,0405094-tokens.pickle
737,0057358-tokens.pickle
738,0038109-tokens.pickle
739,0112864-tokens.pickle
740,1954263-tokens.pickle
741,0120586-tokens.pickle
742,0030108-tokens.pickle
743,0292490-tokens.pickle
744,0044706-tokens.pickle
745,0031835-tokens.pickle
746,0061747-tokens.pickle
747,4062536-tokens.pickle
748,0107096-tokens.pickle
749,0995031-tokens.pickle
750,0056869-tokens.pickle
751,1928501-tokens.pickle
752,0053752-tokens.pickle
753,1020796-tokens.pickle
754,1470171-tokens.pickle
755,0417550-tokens.pickle
756,0125919-tokens.pickle
757,0113068-tokens.pickle
758,0110631-tokens.pickle
759,0068646-tokens.pickle
760,0217505-tokens.pickle
761,0275140-tokens.pickle
762,0105665-tokens.pickle
763,0049314-tokens.pickle
764,0075686-tokens.pickle
765,2719688-tokens.pickle
766,1392190-tokens.pickle
767,3531496-tokens.pickle
768,0805184-tokens.pickle
769,0110357-tokens.pickle
770,0175880-tokens.pickle
771,0070379-tokens.pickle
772,0317676-tokens.pickle
773,0089881-tokens.pickle
774,0347048-tokens.pickle
775,2554790-tokens.pickle
776,2404461-tokens.pickle
777,1977647-tokens.pickle
778,0280387-tokens.pickle
779,0266543-tokens.pickle
780,1529235-tokens.pickle
781,0032551-tokens.pickle
782,0064793-tokens.pickle
783,0119698-tokens.pickle
784,0329330-tokens.pickle
785,4399942-tokens.pickle
786,0015864-tokens.pickle
787,0046250-tokens.pickle
788,0091860-tokens.pickle
789,0081059-tokens.pickle
790,0018455-tokens.pickle
791,0272338-tokens.pickle
792,0353969-tokens.pickle
793,0070854-tokens.pickle
794,0425253-tokens.pickle
795,0094761-tokens.pickle
796,3202320-tokens.pickle
797,0701242-tokens.pickle
798,0077416-tokens.pickle
799,2096673-tokens.pickle
800,1722426-tokens.pickle
801,0053994-tokens.pickle
802,0038916-tokens.pickle
803,0119488-tokens.pickle
804,0458339-tokens.pickle
805,0126423-tokens.pickle
806,1772341-tokens.pickle
807,0086250-tokens.pickle
808,2207072-tokens.pickle
809,0246578-tokens.pickle
810,0096874-tokens.pickle
811,0453671-tokens.pickle
812,0040897-tokens.pickle
813,0766129-tokens.pickle
814,2802144-tokens.pickle
815,0120696-tokens.pickle
816,1683263-tokens.pickle
817,0048028-tokens.pickle
818,0075143-tokens.pickle
819,0047977-tokens.pickle
820,0054047-tokens.pickle
821,0033832-tokens.pickle
822,0120915-tokens.pickle
823,1205489-tokens.pickle
824,0400270-tokens.pickle
825,0118177-tokens.pickle
826,0030993-tokens.pickle
827,4935372-tokens.pickle
828,0092484-tokens.pickle
829,0053291-tokens.pickle
830,0292242-tokens.pickle
831,0118715-tokens.pickle
832,0045197-tokens.pickle
833,0964517-tokens.pickle
834,2080374-tokens.pickle
835,1345836-tokens.pickle
836,0037536-tokens.pickle
837,1255891-tokens.pickle
838,2141777-tokens.pickle
839,0117668-tokens.pickle
840,2294629-tokens.pickle
841,0658016-tokens.pickle
842,0057611-tokens.pickle
843,1686036-tokens.pickle
844,0066921-tokens.pickle
845,1025011-tokens.pickle
846,0070735-tokens.pickle
847,0050986-tokens.pickle
848,1160424-tokens.pickle
849,1541775-tokens.pickle
850,0111408-tokens.pickle
851,0032138-tokens.pickle
852,0102005-tokens.pickle
853,0039631-tokens.pickle
854,2262726-tokens.pickle
855,0049470-tokens.pickle
856,0114787-tokens.pickle
857,0057012-tokens.pickle
858,0364569-tokens.pickle
859,0074896-tokens.pickle
860,1065073-tokens.pickle
861,5468636-tokens.pickle
862,1172570-tokens.pickle
863,0280745-tokens.pickle
864,0074119-tokens.pickle
865,0469494-tokens.pickle
866,0253474-tokens.pickle
867,1064932-tokens.pickle
868,2221870-tokens.pickle
869,2381111-tokens.pickle
870,0076759-tokens.pickle
871,0047478-tokens.pickle
872,0074486-tokens.pickle
873,0043014-tokens.pickle
874,0401792-tokens.pickle
875,1027878-tokens.pickle
876,0118694-tokens.pickle
877,0028665-tokens.pickle
878,0416960-tokens.pickle
879,0020094-tokens.pickle
880,0831888-tokens.pickle
881,0808506-tokens.pickle
882,2316411-tokens.pickle
883,0043548-tokens.pickle
884,0034415-tokens.pickle
885,0762956-tokens.pickle
886,0294413-tokens.pickle
887,0285930-tokens.pickle
888,0425379-tokens.pickle
889,0073298-tokens.pickle
890,0280720-tokens.pickle
891,5312004-tokens.pickle
892,1504320-tokens.pickle
893,0252489-tokens.pickle
894,1291584-tokens.pickle
895,0208035-tokens.pickle
896,0449467-tokens.pickle
897,0019421-tokens.pickle
898,0483719-tokens.pickle
899,0252597-tokens.pickle
900,2024544-tokens.pickle
901,0096639-tokens.pickle
902,0079470-tokens.pickle
903,0053472-tokens.pickle
904,0169102-tokens.pickle
905,0347618-tokens.pickle
906,1113810-tokens.pickle
907,4381314-tokens.pickle
908,2768802-tokens.pickle
909,0385277-tokens.pickle
910,1986451-tokens.pickle
911,0701275-tokens.pickle
912,2140203-tokens.pickle
913,0398286-tokens.pickle
914,0050976-tokens.pickle
915,0064116-tokens.pickle
916,0253828-tokens.pickle
917,0166896-tokens.pickle
918,0440963-tokens.pickle
919,0983213-tokens.pickle
920,3460252-tokens.pickle
921,0055499-tokens.pickle
922,1520211-tokens.pickle
923,0245712-tokens.pickle
924,0120689-tokens.pickle
925,0087544-tokens.pickle
926,0032558-tokens.pickle
927,0082111-tokens.pickle
928,0435761-tokens.pickle
929,0371746-tokens.pickle
930,0069599-tokens.pickle
931,0077651-tokens.pickle
932,1153546-tokens.pickle
933,1245339-tokens.pickle
